"name","iata","airport_name","country","country_abbr","world_area_code"
New York,FLU,Flushing,United States,US,67
Fort Leavenworth,FLV,Sherman AAF,United States,US,67
Flores Island,FLW,Santa Cruz,Portugal,PT,469
Fallon,FLX,Municipal,United States,US,67
Finley,FLY,Finley,Australia,AU,802
Formosa,FMA,El Pucu,Argentina,AR,303
Five Mile,FMC,Five Mile,United States,US,67
Fort Meade,FME,Tipton AAF,United States,US,67
Flamingo,FMG,Flamingo,Costa Rica,CR,110
Falmouth,FMH,Otis AFB,United States,US,67
Kalemie,FMI,Kalemie,Zaire,ZR,517
Farmington,FMN,Municipal,United States,US,67
Muenster,FMO,Muenster,Germany,DE,429
Fort Madison,FMS,Municipal,United States,US,67
Fort Myers,FMY,Page Field,United States,US,67
Freetown,FNA,Lungi International,Sierra Leone,SL,571
Neubrandenburg,FNB,Neubrandenburg,Germany,DE,429
Madeira,FNC,Madeira,Portugal,PT,469
Fane,FNE,Fane,Papua New Guinea,PG,804
Fada Ngourma,FNG,Fada Ngourma,Burkina Faso,BF,593
Fincha,FNH,Fincha,Ethiopia,ET,522
Nimes,FNI,Garons,France,FR,427
Pyongyang,FNJ,Sunan,Korea (North),KP,757
Fin Creek,FNK,Fin Creek,United States,US,67
Fort Collins/Loveland,FNL,Municipal Airport,United States,US,67
Funter Bay,FNR,SPB,United States,US,67
Flint,FNT,Bishop,United States,US,67
Foula,FOA,Foula,United Kingdom,GB,493
Fort Bragg,FOB,Fort Bragg,United States,US,67
Fuzhou,FOC,Fuzhou,China,CN,713
Fort Dodge,FOD,Fort Dodge,United States,US,67
Topeka,FOE,Forbes AFB,United States,US,67
Foggia,FOG,Gino Lisa,Italy,IT,450
Westhampton,FOK,Suffolk County,United States,US,67
Foumban,FOM,Foumban,Cameroon,CM,504
Fortuna,FON,Fortuna,Costa Rica,CR,110
Numfoor,FOO,Numfoor,Indonesia,ID,832
Forest Park,FOP,Morris AAF,United States,US,67
Fortaleza,FOR,Pinto Martins,Brazil,BR,316
Forrest,FOS,Forrest,Australia,AU,802
Forster,FOT,Forster,Australia,AU,802
Fougamou,FOU,Fougamou,Gabon,GA,526
Fox,FOX,Fox,United States,US,67
Foya,FOY,Foya,Liberia,LR,537
Fort Pierce,FPR,St Lucie County,United States,US,67
Perry,FPY,Perry-Foley,United States,US,67
Frankfurt,FRA,Frankfurt International Airport (Rhein-Main),Germany,DE,429
Forbes,FRB,Forbes,Australia,AU,802
Franca,FRC,Franca,Brazil,BR,316
Friday Harbor,FRD,Friday Harbor,United States,US,67
Fera Island,FRE,Fera Island,Solomon Islands,SB,874
Frankfurt,FRF,Rhein-Main AFB,Germany,DE,429
Farmingdale,FRG,Republic Field,United States,US,67
French Lick,FRH,Municipal,United States,US,67
Fort Riley,FRI,Marshall AAF,United States,US,67
Frejus,FRJ,Frejus,France,FR,427
Fregate Is,FRK,Fregate Is,Seychelles,SC,570
Forli,FRL,Luigi Ridolfi,Italy,IT,450
Fairmont,FRM,Fairmont,United States,US,67
Fort Richardson,FRN,Bryant AAF,United States,US,67
Floro,FRO,Flora,Norway,NO,465
Fresh Water Bay,FRP,Fresh Water Bay,United States,US,67
Feramin,FRQ,Feramin,Papua New Guinea,PG,804
"Fort Myers, Florida",FRR,Fort Meyers,United States,US,67
Flores,FRS,Santa Elena,Guatemala,GT,127
Frutillar,FRT,Frutillar,Chile,CL,324
Bishkek,FRU,Bishkek,Kyrgyzstan,KG,743
Francistown,FRW,Francistown,Botswana,BW,510
Fryeburg,FRY,Fryeburg,United States,US,67
Fritzlar,FRZ,Fritzlar Airbase,Germany,DE,429
Figari,FSC,Sud Corse,France,FR,427
Sioux Falls,FSD,Regional(Jo Foss Fld),United States,US,67
Fort Sill,FSI,Henry Post AAF,United States,US,67
Fort Scott,FSK,Municipal,United States,US,67
Fossil Downs,FSL,Fossil Downs,Australia,AU,802
Fort Smith,FSM,Municipal,United States,US,67
Fort Sheridan,FSN,Haley AAF,United States,US,67
St Pierre,FSP,Saint-Pierre Pointe-Blanche,St. Pierre And Miquelon,PM,977
Forres,FSS,Kinloss,United Kingdom,GB,493
Fort Stockton,FST,Pecos County,United States,US,67
Fort Sumner,FSU,Fort Sumner,United States,US,67
Futuna Island,FTA,Futuna Airport,Vanuatu,VU,885
El Calafate,FTE,El Calafate,Argentina,AR,303
Fitiuta,FTI,Fitiuta,American Samoa,AS,5
Fort Knox,FTK,Godman AAF,United States,US,67
Fortuna Ledge,FTL,Fortuna Ledge,United States,US,67
Fort Dauphin,FTU,Marillac,Madagascar,MG,541
Fort Worth,FTW,Meacham Field,United States,US,67
Owando,FTX,Owando,Congo,CG,515
Atlanta,FTY,Fulton County,United States,US,67
Fulleborn,FUB,Fulleborn,Papua New Guinea,PG,804
Sui Fen He,FUD,Sui Fen He,China,CN,713
Puerto del Rosario,FUE,Fuerteventura,Spain,ES,482
Fuyang,FUG,Fuyang,China,CN,713
Fukue,FUJ,Fukue,Japan,JP,736
Fukuoka,FUK,Fukuoka,Japan,JP,736
Fullerton,FUL,Municipal,United States,US,67
Fuma,FUM,Fuma,Papua New Guinea,PG,804
Funafuti Atol,FUN,International,Tuvalu,TV,817
Fuoshan,FUO,Fuoshan,China,CN,713
Futuna Island,FUT,Futuna Island,Wallis and Futuna Islands,WF,890
Flora Valley,FVL,Flora Valey,Australia,AU,802
Forrest River,FVR,Forrest River Airport,Australia,AU,802
Fort Wayne,FWA,Municipal/Baer Field,United States,US,67
Fort Worth,FWH,Carswell AFB,United States,US,67
Farewell,FWL,Farewell,United States,US,67
Fort William,FWM,Heliport,United Kingdom,GB,493
Fort Lauderdale,FXE,Executive,United States,US,1
Flaxman Island,FXM,Flaxman Island,United States,US,67
Cuamba,FXO,Cuamba,Mozambique,MZ,550
Forest City,FXY,Municipal,United States,US,67
Fayetteville,FYM,Municipal,United States,US,67
Fuyun,FYN,Fuyun,China,CN,713
Faya,FYT,Faya,Chad,TD,511
Fort Yukon,FYU,Fort Yukon,United States,US,67
Fayetteville,FYV,Municipal (Drake Fld),United States,US,67
Filton,FZO,Filton,United Kingdom,GB,493
Guamal,GAA,Guamal,Colombia,CO,327
Gabbs,GAB,Gabbs,United States,US,67
Gracias,GAC,Gracias,Honduras,HN,131
Gadsden,GAD,Municipal,United States,US,67
Gabes,GAE,Gabes,Tunisia,TN,588
Gafsa,GAF,Gafsa,Tunisia,TN,588
Gage,GAG,Gage,United States,US,67
Gayndah,GAH,Gayndah,Australia,AU,802
Gaithersburg,GAI,Montgomery County,United States,US,67
Yamagata,GAJ,Junmachi,Japan,JP,736
Gakona,GAK,Gakona,United States,US,67
Galena,GAL,Galena,United States,US,67
Gambell,GAM,Gambell,United States,US,67
Gan Island,GAN,Gan Airport,Maldives,MV,750
Guantanamo,GAO,Los Canos,Cuba,CU,219
Gusap,GAP,Gusap,Papua New Guinea,PG,804
Gao,GAQ,Gao,Mali,ML,543
Garaina,GAR,Garaina,Papua New Guinea,PG,804
Garissa,GAS,Garissa,Kenya,KE,535
Gap,GAT,Tallard,France,FR,427
Gawahati,GAU,Borjhar,India,IN,733
Gag Island,GAV,Gag Island,Indonesia,ID,832
Gangaw,GAW,Gangaw,Myanmar,MM,706
Gamba,GAX,Gamba,Gabon,GA,526
Gaya,GAY,Gaya,India,IN,733
Guasopa,GAZ,Guasopa,Papua New Guinea,PG,804
Big Bay,GBA,Big Bay,Vanuatu,VU,885
Gara Djebilet,GBB,Gara Djebilet,Algeria,DZ,500
Gasuke,GBC,Gasuke,Papua New Guinea,PG,804
Great Bend,GBD,Great Bend,United States,US,67
Gaborone,GBE,Sir Seretse Khama Int,Botswana,BW,510
Negarbo,GBF,Negarbo,Papua New Guinea,PG,804
Galesburg,GBG,Galesburg,United States,US,67
Galbraith Lake,GBH,Galbraith Lake,United States,US,67
Grand Bahama,GBI,Aux Ab,Bahamas,BS,204
Marie Galante,GBJ,Les Bases,Guadeloupe,GP,235
Gbangbatok,GBK,Gbangbatok,Sierra Leone,SL,571
Goulburn Island,GBL,Goulburn Island,Australia,AU,802
Garbaharey,GBM,Garbaharey,Somalia,SO,573
San Giovanni Rotondo,GBN,San Giovanni Rotondo,Italy,IT,450
Baltimore,GBO,Baltimore Greenbelt T,United States,US,67
Gamboola,GBP,Gamboola,Australia,AU,802
Muharraq,GBQ,Muharraq,Bahrain,BH,605
Great Barrington,GBR,Great Barrington,United States,US,67
Port Fitzroy,GBS,Port Fitzroy,New Zealand (Aotearoa),NZ,851
Gorgan,GBT,Gorgan,Iran,IR,632
Khashm El Girba,GBU,Khashm El Girba,Sudan,SD,583
Gibb River,GBV,Gibb River,Australia,AU,802
Great Barrier Island,GBZ,Great Barrier Island,New Zealand (Aotearoa),NZ,851
Guacamaya,GCA,Guacamaya,Colombia,CO,327
Gillette,GCC,Campbell County,United States,US,67
Gachsaran,GCH,Gachsaran,Iran,IR,632
Guernsey,GCI,Guernsey,United Kingdom,GB,493
Johannesburg,GCJ,International,South Africa,ZA,562
Garden City,GCK,Municipal Airport,United States,US,67
Georgetown,GCM,Owen Roberts International,Cayman Islands,KY,233
Grand Canyon,GCN,National Park,United States,US,67
Gravatai,GCV,Gravatai,Brazil,BR,316
Greenville,GCY,Municipal,United States,US,67
Gounda,GDA,Gounda,Central African Republic,CF,509
Greenville,GDC,Donaldson Center,United States,US,67
Gordon Downs,GDD,Gordon Downs,Australia,AU,802
Gode/Iddidole,GDE,Gode/Iddidole,Ethiopia,ET,522
Magdagachi,GDG,Magdagachi,Russian Federation,RU,770
Golden Horn,GDH,SPB,United States,US,67
Gordil,GDI,Gordil,Central African Republic,CF,509
Gandajika,GDJ,Gandajika,Zaire,ZR,517
Guadalajara,GDL,Miguel Hidal,Mexico,MX,148
Gardner,GDM,Municipal,United States,US,67
Gdansk,GDN,Rebiechowo,Poland,PL,467
Guasdualito,GDO,Vare Maria,Venezuela,VE,388
Guadalupe,GDP,Guadalupe,Brazil,BR,316
Gondar,GDQ,Gondar,Ethiopia,ET,522
Grand Turk Is,GDT,Grand Turk Is,Turks and Caicos Islands,TC,281
Glendive,GDV,Dawson Community,United States,US,67
Gladwin,GDW,Gladwin,United States,US,67
Magadan,GDX,Magadan,Russian Federation,RU,770
Gelendzik,GDZ,Gelendzik,Russian Federation,RU,770
Noumea,GEA,Magenta,New Caledonia,NC,846
Gebe,GEB,Gebe,Indonesia,ID,832
Gecitkale,GEC,Gecitkale,Cyprus,CY,611
Georgetown,GED,Sussex County,United States,US,67
George Town,GEE,George Town,Australia,AU,802
Geva,GEF,Geva Airstrip,Solomon Islands,SB,874
Spokane,GEG,International,United States,US,67
Green Islands,GEI,Green Islands,Papua New Guinea,PG,804
Ganes Creek,GEK,Ganes Creek,United States,US,67
Santo Angelo,GEL,Sepe Tiaraju,Brazil,BR,316
Puente Genil,GEN,Puente Genil,Norway,NO,465
Nueva Gerona,GER,Rafael Cabrera,Cuba,CU,219
General Santos,GES,Buayan,Philippines,PH,766
Geraldton,GET,Geraldton,Australia,AU,802
Gallivare,GEV,Gallivare,Sweden,SE,484
Gewoia,GEW,Gewoia,Papua New Guinea,PG,804
Geelong,GEX,Geelong,Australia,AU,802
Greybull,GEY,South Big Horn County,United States,US,67
Great Falls,GFA,Malmstrom AFB,United States,US,67
Togiak Fish,GFB,Togiak Fish,United States,US,67
Greenfield,GFD,Pope Field,United States,US,67
Grenfell,GFE,Grenfell,Australia,AU,802
Griffith,GFF,Griffith,Australia,AU,802
Grand Forks,GFK,Grand Forks,United States,US,67
Glens Falls,GFL,Warren County,United States,US,67
Grafton,GFN,Grafton,Australia,AU,802
Bartica,GFO,Bartica,Guyana,GY,350
Granville,GFR,Granville,France,FR,427
Grootfontein,GFY,Grootfontein,Namibia,NA,575
Lumbala,GGC,Lumbala,Angola,AO,502
Gregory Downs,GGD,Gregory Downs,Australia,AU,802
Georgetown,GGE,Georgetown,United States,US,67
Kilgore,GGG,Kilgore,United States,US,67
Gilgal,GGL,Gilgal,Colombia,CO,327
Gagnoa,GGN,Gagnoa,Cote D'Ivoire (Ivory Coast),CI,533
Guiglo,GGO,Guiglo,Cote D'Ivoire (Ivory Coast),CI,533
Garoe,GGR,Garoe,Somalia,SO,573
Gobernador Gregores,GGS,Gobernador Gregores,Argentina,AR,303
George Town,GGT,Exuma International,Bahamas,BS,204
Glasgow,GGW,International,United States,US,67
Ghardaia,GHA,Noumerate,Algeria,DZ,500
Governors Harbour,GHB,Governors Harbour,Bahamas,BS,204
Great Harbour,GHC,Great Harbour,Bahamas,BS,204
Ghimbi,GHD,Ghimbi,Ethiopia,ET,522
Garachine,GHE,Garachine,Panama,PA,162
Giebelstadt,GHF,Giebelstadt,Germany,DE,429
Gush Katif,GHK,Gush Katif,Israel,IL,636
Centerville,GHM,Municipal,United States,US,67
Guanghan,GHN,Guanghan,China,CN,713
Ghat,GHT,Ghat,Libya,LY,538
Gualeguaychu,GHU,Gualeguaychu,Argentina,AR,303
Gibraltar,GIB,North Front,Gibraltar,GI,431
Boigu Island,GIC,Boigu Island,Australia,AU,802
Gitega,GID,Gitega,Burundi,BI,503
Winter Haven,GIF,Gilbert Field,United States,US,67
Rio De Janeiro,GIG,Galeão–Antonio Carlos Jobim International Airport,Brazil,BR,316
Siguiri,GII,Siguiri,Guinea,GN,531
Gilgit,GIL,Gilgit,Pakistan,PK,764
Miele Mimbale,GIM,Miele Mimbale,Gabon,GA,526
Girardot,GIR,Girardot,Colombia,CO,327
Gisborne,GIS,Gisborne,New Zealand (Aotearoa),NZ,851
Geita,GIT,Geita,Tanzania,TZ,585
Sigiriya,GIU,Sigiriya Slaf Base,Sri Lanka,LK,711
Giyani,GIY,Giyani,South Africa,ZA,562
Jazan,GIZ,Jazan,Saudi Arabia,SA,670
Guanaja,GJA,Guanaja,Honduras,HN,131
Jijel,GJL,Jijel,Algeria,DZ,500
Guajara-Mirim,GJM,Guajara-Mirim,Brazil,BR,316
Gjogur,GJR,Gjogur,Iceland,IS,439
Grand Junction,GJT,Walker Field,United States,US,67
Goroka,GKA,Goroka,Papua New Guinea,PG,804
Geilenkirchen,GKE,Geilenkirchen,Germany,DE,429
Gorkha,GKH,Gorkha,Nepal,NP,755
Great Keppel Island,GKL,Great Keppel Island,Australia,AU,802
Gulkana,GKN,Gulkana,United States,US,67
Kongoboumba,GKO,Kongoboumba,Gabon,GA,526
Gatlinburg,GKT,Gatlinburg,United States,US,67
Glasgow,GLA,Glasgow International,United Kingdom,GB,493
Geladi,GLC,Geladi,Ethiopia,ET,522
Goodland,GLD,Renner Field,United States,US,67
Gainesville,GLE,Municipal,United States,US,67
Golfito,GLF,Golfito,Costa Rica,CR,110
Glengyle,GLG,Glengyle,Australia,AU,802
Greenville,GLH,Greenville,United States,US,67
Glen Innes,GLI,Glen Innes,Australia,AU,802
Galcaio,GLK,Galcaio,Somalia,SO,573
Gol,GLL,Klanten Arpt,Norway,NO,465
Glenormiston,GLM,Glenormiston,Australia,AU,802
Goulimime,GLN,Goulimime,Morocco,MA,548
Gloucester,GLO,Gloucestershire,United Kingdom,GB,493
Gulgubip,GLP,Gulgubip,Papua New Guinea,PG,804
Glennallen,GLQ,Glennallen,United States,US,67
Gaylord,GLR,Otsego County,United States,US,67
Galveston,GLS,Scholes Field,United States,US,67
Gladstone,GLT,Gladstone,Australia,AU,802
Golovin,GLV,Golovin,United States,US,67
Glasgow,GLW,Municipal,United States,US,67
Galela,GLX,Galela,Indonesia,ID,832
Goldsworthy,GLY,Goldsworthy,Australia,AU,802
Breda,GLZ,Gilze-Rijen,Netherlands,NL,461
Gemena,GMA,Gemena,Zaire,ZR,517
Gambela,GMB,Gambela,Ethiopia,ET,522
Guerima,GMC,Guerima,Colombia,CO,327
Gomel,GME,Gomel,Belarus,BY,413
Gasmata Island,GMI,Gasmata Island,Papua New Guinea,PG,804
Gamboma,GMM,Gamboma,Congo,CG,515
Greymouth,GMN,Greymouth,New Zealand (Aotearoa),NZ,851
Gambier Is,GMR,Gambier Is,French Polynesia,PF,823
Guimaraes,GMS,Guimaraes,Brazil,BR,316
Granite Mountain,GMT,Granite Mountain,United States,US,67
Greenville,GMU,Downtown,United States,US,67
Monument Valley Gldngs,GMV,Monument Valley,United States,US,67
Rheindahlen,GMY,Rheindahlen,Germany,DE,429
San Sebas De La Gomera,GMZ,La Gomera,Spain,ES,482
Grodna,GNA,Grodna,Belarus,BY,413
Lyon,GNB,Saint Geoirs,France,FR,427
Grenada,GND,Point Saline Intl,Grenada,GD,273
Ghent,GNE,Ghent,Belgium,BE,409
Gooding,GNG,Gooding,United States,US,67
Green Island,GNI,Green Island,Taiwan,TW,781
Guanambi,GNM,Guanambi,Brazil,BR,316
Ghinnir,GNN,Ghinnir,Ethiopia,ET,522
General Roca,GNR,General Roca,Argentina,AR,303
Gunungsitoli,GNS,Gunungsitoli,Indonesia,ID,832
Grants,GNT,Milan,United States,US,67
Goodnews Bay,GNU,Goodnews Bay,United States,US,67
Gainesville,GNV,Gainesville Regional,United States,US,67
Ghanzi,GNZ,Ghanzi,Botswana,BW,510
Genoa,GOA,Cristoforo Colombo,Italy,IT,450
Goba,GOB,Goba,Ethiopia,ET,522
Gora,GOC,Gora,Papua New Guinea,PG,804
Gonalia,GOE,Gonalia,Papua New Guinea,PG,804
San Angelo,GOF,Goodfellow AFB,United States,US,67
Gobabis,GOG,Gobabis,Namibia,NA,575
Nuuk,GOH,Nuuk,Greenland,GL,975
Goa,GOI,Dabolim,India,IN,733
Nizhniy Novgorod,GOJ,Nizhniy Novgorod,Russian Federation,RU,770
Guthrie,GOK,Guthrie,United States,US,67
Gold Beach,GOL,State,United States,US,67
Goma,GOM,Goma,D. R. Congo,CD,517
New London,GON,New London,United States,US,67
Goondiwindi,GOO,Goondiwindi,Australia,AU,802
Gorakhpur,GOP,Gorakhpur,India,IN,733
Golmud,GOQ,Golmud,China,CN,713
Gore,GOR,Gore,Ethiopia,ET,522
Gosford,GOS,Gosford,Australia,AU,802
Gothenburg,GOT,Landvetter,Sweden,SE,484
Garoua,GOU,Garoua,Cameroon,CM,504
Gove,GOV,Nhulunbuy,Australia,AU,802
Gal Oya,GOY,Amparai,Sri Lanka,LK,711
Gorna Orechovitsa,GOZ,Gorna Orechovitsa,Bulgaria,BG,411
Patras,GPA,Araxos Airport,Greece,GR,433
Guarapuava,GPB,Tancredo Thomaz Faria,Brazil,BR,316
Guapi,GPI,Guapi,Colombia,CO,327
Guapiles,GPL,Guapiles,Costa Rica,CR,110
Garden Point,GPN,Garden Point,Australia,AU,802
General Pico,GPO,General Pico,Argentina,AR,303
Galapagos Is,GPS,Baltra,Ecuador,EC,337
Gulfport,GPT,Biloxi Regional,United States,US,67
Grand Rapids,GPZ,Grand Rapids,United States,US,67
Machrihanish,GQJ,RAF Station,United Kingdom,GB,493
Galion,GQQ,Galion,United States,US,67
Gamarra,GRA,Gamarra,Colombia,CO,327
Green Bay,GRB,Austin-straubel Field,United States,US,67
Grand Cess,GRC,Grand Cess,Liberia,LR,537
Greenwood,GRD,Greenwood,United States,US,67
Greenville,GRE,Municipal,United States,US,67
Tacoma,GRF,Gray AAF,United States,US,67
Gardez,GRG,Gardez,Afghanistan,AF,701
Garuahi,GRH,Garuahi,Papua New Guinea,PG,804
Grand Island,GRI,Grand Island,United States,US,67
George,GRJ,George,South Africa,ZA,562
Killeen,GRK,Gray AAF,United States,US,67
Garasa,GRL,Garasa,Papua New Guinea,PG,804
Grand Marais,GRM,Devils Track,United States,US,67
Gordon,GRN,Gordon,United States,US,67
Gerona,GRO,Costa Brava,Spain,ES,482
Gurupi,GRP,Gurupi,Brazil,BR,316
Groningen,GRQ,Eelde,Netherlands,NL,461
Grand Rapids,GRR,Kent County Intl,United States,US,67
Grosseto,GRS,Baccarini,Italy,IT,450
Gujrat,GRT,Gujrat,Pakistan,PK,764
Sao Paulo,GRU,Guarulhos Intl,Brazil,BR,316
Groznyj,GRV,Groznyj,Russian Federation,RU,770
Graciosa Island,GRW,Graciosa Island,Portugal,PT,469
Granada,GRX,Granada,Spain,ES,482
Grimsey,GRY,Grimsey,Iceland,IS,439
Graz,GRZ,Thalerhof,Austria,AT,403
Long Pasia,GSA,Long Pasia,Malaysia,MY,749
Goldsboro,GSB,Seymour Johnson AFB,United States,US,67
Gascoyne Junction,GSC,Gascoyne Junction,Australia,AU,802
Gothenburg,GSE,Saeve,Sweden,SE,484
Goshen,GSH,Goshen,United States,US,67
Guadalcanal,GSI,Guadalcanal,Solomon Islands,SB,874
Taltheilei Narrows,GSL,Taltheilei Narrows,Canada,CA,906
Gheshm,GSM,Gheshm,Iran,IR,632
Mount Gunson,GSN,Mount Gunson,Australia,AU,802
High Point,GSO,Piedmont Triad Intl,United States,US,67
Greenville,GSP,Greenville-Spartanbur,United States,US,67
Shark Elowainat,GSQ,Shark Elowainat,Egypt,EG,591
Gardo,GSR,Gardo,Somalia,SO,573
Sabi Sabi,GSS,Sabi Sabi,South Africa,ZA,562
Gustavus,GST,Gustavus Arpt,United States,US,67
Gedaref,GSU,Gedaref,Sudan,SD,583
Grimsby,GSY,Binbrook,United Kingdom,GB,493
Gatokae,GTA,Gatokae Aerodrom,Solomon Islands,SB,874
Genting,GTB,Genting,Malaysia,MY,749
Green Turtle,GTC,Green Turtle,Bahamas,BS,204
Groote Eylandt,GTE,Alyangula,Australia,AU,802
Great Falls,GTF,International,United States,US,67
Grantsburg,GTG,Municipal,United States,US,67
Guettin,GTI,Guettin,Germany,DE,429
Sungei Tekai,GTK,Sungei Tekai,Malaysia,MY,749
Mount Cook,GTN,Glentanner,New Zealand (Aotearoa),NZ,851
Gorontalo,GTO,Tolotio,Indonesia,ID,832
Columbus,GTR,Golden Triangle Reg.,United States,US,67
Granites,GTS,Granites,Australia,AU,802
Georgetown,GTT,Georgetown,Australia,AU,802
Zlin,GTW,Holesov,Czechoslovakia (former),CS,418
Gettysburg,GTY,Gettysburg,United States,US,67
Guatemala City,GUA,La Aurora,Guatemala,GT,127
Guerrero Negro,GUB,Guerrero Negro,Mexico,MX,148
Gunnison,GUC,Gunnison,United States,US,67
Goundam,GUD,Goundam,Mali,ML,543
Guriaso,GUE,Guriaso,Papua New Guinea,PG,804
Gulf Shores,GUF,Edwards,United States,US,67
Guari,GUG,Guari,Papua New Guinea,PG,804
Gunnedah,GUH,Gunnedah,Australia,AU,802
Guiria,GUI,Guiria,Venezuela,VE,388
Guaratingueta,GUJ,Guaratingueta,Brazil,BR,316
Goulburn,GUL,Goulburn,Australia,AU,802
Montgomery,GUN,Gunter AFB,United States,US,67
Gualaco,GUO,Gualaco,Honduras,HN,131
Gallup,GUP,Senator Clark,United States,US,67
Guanare,GUQ,Guanare,Venezuela,VE,388
Alotau,GUR,Gurney,Papua New Guinea,PG,804
Peru,GUS,Grissom AFB,United States,US,67
Guetersloh,GUT,Guetersloh,Germany,DE,429
Grundarfjordur,GUU,Grundarfjordur,Iceland,IS,439
Mougulu,GUV,Mougulu,Papua New Guinea,PG,804
Atyrau,GUW,Atyrau,Kazakhstan,KZ,738
Guna,GUX,Guna,India,IN,733
Guymon,GUY,Guymon,United States,US,67
Guarapari,GUZ,Guarapari,Brazil,BR,316
Geneva,GVA,Geneve-cointrin,Switzerland,CH,486
Gordonsville,GVE,Municipal,United States,US,67
Green River,GVI,Green River,Papua New Guinea,PG,804
Gainesville,GVL,Lee Gilmer Memorial,United States,US,67
Greenvale,GVP,Greenvale,Australia,AU,802
Governador Valadares,GVR,Governador Valadares,Brazil,BR,316
Greenville,GVT,Majors Field,United States,US,67
Grandview,GVW,Richards-Gebaur,United States,US,67
Gavle,GVX,Sandviken,Sweden,SE,484
Gwa,GWA,Gwa,Myanmar,MM,706
Gwadar,GWD,Gwadar,Pakistan,PK,764
Gweru,GWE,Gweru,Zimbabwe,ZW,565
Gwalior,GWL,Gwalior,India,IN,733
Gnarowein,GWN,Gnarowein,Papua New Guinea,PG,804
Greenwood,GWO,Leflore,United States,US,67
Glenwood Springs,GWS,Glenwood Springs,United States,US,67
Westerland,GWT,Westerland - Sylt,Germany,DE,429
Glendale,GWV,Glendale,United States,US,67
Berlin,GWW,RAF Gatow,Germany,DE,429
Galway,GWY,Carnmore,Ireland,IE,441
Seiyun,GXF,Seiyun,Yemen,YE,694
Negage,GXG,Negage,Angola,AO,502
Mildenhall,GXH,NAF,United Kingdom,GB,493
Coyhaique,GXQ,Ten. Vidal,Chile,CL,324
Yagoua,GXX,Yagoua,Cameroon,CM,504
Greeley,GXY,Weld County,United States,US,67
Guayaramerin,GYA,Guayaramerin,Bolivia,BO,312
Guayaquil,GYE,Simon Bolivar,Ecuador,EC,337
Gisenyi,GYI,Gisenyi,Rwanda,RW,566
Argyle,GYL,Argyle,Australia,AU,802
Guaymas,GYM,Gen Jose M Yanez,Mexico,MX,148
Goiania,GYN,Santa Genoveva,Brazil,BR,316
Gympie,GYP,Gympie,Australia,AU,802
Goodyear,GYR,Litchfield,United States,US,67
Guang Yuan,GYS,Guang Yuan,China,CN,713
Chicago,GYY,Gary Regional,United States,US,67
Rafah,GZA,Gaza - Yaser Arafat International Airport,Palestine,PS,0
Ghazni,GZI,Ghazni,Afghanistan,AF,701
Gozo,GZM,Gozo Heliport,Malta,MT,356
Gizo,GZO,Gizo,Solomon Islands,SB,874
Gaziantep,GZT,Gaziantep,Turkey,TR,679
Ghazvin,GZW,Ghazvin,Iran,IR,632
Hasvik,HAA,Hasvik,Norway,NO,465
Hamilton,HAB,Marion County,United States,US,67
Hachijo Jima,HAC,Hachijo Jima,Japan,JP,736
Halmstad,HAD,Halmstad,Sweden,SE,484
Havasupai,HAE,Havasupai,United States,US,67
Half Moon,HAF,Half Moon,United States,US,67
Moroni,HAH,Prince Said Ibrahim In,Comoros,KM,513
Three Rivers,HAI,Dr Haines,United States,US,67
Hanover,HAJ,Hanover Arpt,Germany,DE,429
Haikou,HAK,Haikou,China,CN,713
Halali,HAL,Halali,Namibia,NA,575
Hamburg,HAM,Hamburg,Germany,DE,429
Hanoi,HAN,Noibai International,Viet Nam,VN,791
Hamilton,HAO,Hamilton,United States,US,67
Long Island,HAP,Long Island,Australia,AU,802
Hanimaadhoo,HAQ,Hanimaadhoo,Maldives,MV,750
Harrisburg,HAR,Harrisburg Skyport,United States,US,67
Hail,HAS,Hail,Saudi Arabia,SA,670
Heathlands,HAT,Heathlands,Australia,AU,802
Haugesund,HAU,Haugesund,Norway,NO,465
Havana,HAV,Jose Marti Intl,Cuba,CU,219
Haverfordwest,HAW,Haverfordwest,United Kingdom,GB,493
Muskogee,HAX,Hatbox Field,United States,US,67
Haycock,HAY,Haycock,United States,US,67
Hatzfeldthaven,HAZ,Hatzfeldthaven,Papua New Guinea,PG,804
Hobart,HBA,Hobart,Australia,AU,802
Hobbs,HBB,Industrial Airpark,United States,US,67
Hanus Bay,HBC,Hanus Bay,United States,US,67
Habi,HBD,Habi,Papua New Guinea,PG,804
Alexandria,HBE,Borg El Arab,Egypt,EG,591
Hattiesburg,HBG,The Hattiesburg-Bobby L. Chain Mun.,United States,US,67
Hobart Bay,HBH,Hobart Bay,United States,US,67
Harbour Island,HBI,Harbour Island,Bahamas,BS,204
Babelegi,HBL,Babelegi Heliport,South Africa,ZA,562
Phu-bon,HBN,Flamingo,Viet Nam,VN,791
Humboldt,HBO,Municipal,United States,US,67
Hobart,HBR,Hobart,United States,US,67
Hafr Albatin,HBT,Hafr Albatin,Saudi Arabia,SA,670
Hubli,HBX,Hubli,India,IN,733
Big Spring,HCA,Howard County,United States,US,67
Shoal Cove,HCB,Shoal Cove,United States,US,67
Hudson,HCC,Columbia County,United States,US,67
Eil,HCM,Eil,Somalia,SO,573
Hengchun,HCN,Hengchun,Taiwan,TW,781
Halls Creek,HCQ,Halls Creek,Australia,AU,802
Holy Cross,HCR,Holy Cross,United States,US,67
Johannesburg,HCS,Randburg Heliport,South Africa,ZA,562
Cheraw,HCW,Cheraw,United States,US,67
Hidden Falls,HDA,Hidden Falls,United States,US,67
Heidelberg,HDB,Heidelberg,Germany,DE,429
Hyderabad,HDD,Hyderabad,Pakistan,PK,764
Holdrege,HDE,Brewster Field,United States,US,67
Heringsdorf,HDF,Heringsdorf,Germany,DE,429
Oahu,HDH,Dillingham Airfield,United States,US,67
Hamadan,HDM,Hamadan,Iran,IR,632
Hayden,HDN,Yampa Valley,United States,US,67
Havadarya,HDR,Havadarya,Iran,IR,632
Hoedspruit,HDS,Hoedspruit Airport,South Africa,ZA,562
Hat Yai,HDY,Hat Yai,Thailand,TH,782
Herat,HEA,Herat,Afghanistan,AF,701
Henzada,HEB,Henzada,Myanmar,MM,706
Herendeen,HED,Herendeen,United States,US,67
Helena,HEE,Thompson-Robbins,United States,US,67
Heho,HEH,Heho,Myanmar,MM,706
Heide-Buesum,HEI,Heide-Buesum,Germany,DE,429
Heihe,HEK,Heihe,China,CN,713
Vantaa,HEL,Helsinki-vantaa,Finland,FI,425
Helsinki,HEM,Helsinki-Malmi,Finland,FI,425
Hendon,HEN,Hendon,United Kingdom,GB,493
Haelogo,HEO,Haelogo,Papua New Guinea,PG,804
Heraklion,HER,N. Kazantzakis Apt.,Greece,GR,433
Hermiston,HES,State,United States,US,67
Hohhot,HET,Hohhot,China,CN,713
Huelva,HEV,Huelva,Spain,ES,482
Athens,HEW,Hellinikon (Closed),Greece,GR,433
Santo Domingo,HEX,Herrera,Dominican Republic,DO,224
Ozark,HEY,Hanchey Army Heliport,United States,US,67
Natchez,HEZ,Hardy-Anders,United States,US,67
Haifa,HFA,Haifa,Israel,IL,636
Hartford,HFD,Brainard,United States,US,67
Hefei,HFE,Shanghai,China,CN,713
Hoffman,HFF,Mackall AAF,United States,US,67
Hornafjordur,HFN,Hornafjordur,Iceland,IS,439
Hagfors,HFS,Hagfors,Sweden,SE,484
Hammerfest,HFT,Hammerfest,Norway,NO,465
Hargeisa,HGA,Hargeisa,Somalia,SO,573
Hughenden,HGD,Hughenden,Australia,AU,802
Hangzhou,HGH,Hangzhou,China,CN,713
Higlieg,HGI,Higlieg,Sudan,SD,583
Helgoland,HGL,Helgoland,Germany,DE,429
Mae Hong Son,HGN,Mae Hong Son,Thailand,TH,782
Korhogo,HGO,Korhogo,Cote D'Ivoire (Ivory Coast),CI,533
Hagerstown,HGR,Wash. County Regional,United States,US,67
Freetown,HGS,Hastings,Sierra Leone,SL,571
Jolon,HGT,Hunter AAF,United States,US,67
Mount Hagen,HGU,Kagamuga,Papua New Guinea,PG,804
Hogatza,HGZ,Hogatza,United States,US,67
Huanghua,HHA,Changsha Huanghua,China,CN,713
Hachinohe,HHE,Hachinohe,Japan,JP,736
Hilton Head,HHH,Hilton Head,United States,US,67
Wahiawa,HHI,Wheeler AFB,United States,US,67
Hahn,HHN,Hahn,Germany,DE,429
Hong Kong,HHP,H K Heliport,Hong Kong,HK,729
Hua Hin,HHQ,Hua Hin Airport,Thailand,TH,782
Hawthorne,HHR,Hawthorne,United States,US,67
Hikueru,HHZ,Hikueru,French Polynesia,PF,823
Chisholm,HIB,Chisholm,United States,US,67
Pretoria,HIC,Iscor Heliport,South Africa,ZA,562
Horn Island,HID,Horn Island,Australia,AU,802
Whitefield,HIE,Regional,United States,US,67
Ogden,HIF,Hill AFB,United States,US,67
Highbury,HIG,Highbury,Australia,AU,802
Hook Island,HIH,Hook Island,Australia,AU,802
Lake Havasu City,HII,Municipal,United States,US,67
Hiroshima,HIJ,International,Japan,JP,736
Honolulu,HIK,Hickam AFB,United States,US,67
Shillavo,HIL,Shillavo,Ethiopia,ET,522
Hingurakgoda,HIM,Hingurakgoda,Sri Lanka,LK,711
Jinju,HIN,Sacheon,Korea (South),KR,778
Hillsboro,HIO,Portland,United States,US,67
Headingly,HIP,Headingly,Australia,AU,802
Honiara,HIR,Henderson Intl,Solomon Islands,SB,874
Hayman Island,HIS,Hayman Island,Australia,AU,802
Hivaro,HIT,Hivaro,Papua New Guinea,PG,804
Hiroshima,HIW,Hiroshima West,Japan,JP,736
Hiva Oa,HIX,Hiva Oa,French Polynesia,PF,823
Zhi Jiang,HJJ,Zhi Jiang,China,CN,713
Khajuraho,HJR,Khajuraho,India,IN,733
Khujirt,HJT,Khujirt,Mongolia,MN,751
Blytheville,HKA,Municipal,United States,US,67
Healy Lake,HKB,Healy Lake,United States,US,67
Hakodate,HKD,Hakodate,Japan,JP,736
Hong Kong,HKG,Hong Kong International,China,HK,729
Hokitika,HKK,Hokitika Arpt,New Zealand (Aotearoa),NZ,851
Hoskins,HKN,Hoskins,Papua New Guinea,PG,804
Jackson,HKS,Hawkins Field,United States,US,67
Phuket,HKT,Phuket International,Thailand,TH,782
Haskovo,HKV,Haskovo,Bulgaria,BG,411
Hickory,HKY,Hickory,United States,US,67
Lanseria,HLA,Lanseria,South Africa,ZA,562
Batesville,HLB,Hillenbrand,United States,US,67
Hill City,HLC,Hill City,United States,US,67
Hailar,HLD,Hailar,China,CN,713
Hultsfred,HLF,Hultsfred,Sweden,SE,484
Wheeling,HLG,Ohio County,United States,US,67
Ulanhot,HLH,Ulanhot,China,CN,713
Hollister,HLI,Hollister,United States,US,67
Hillside,HLL,Hillside,Australia,AU,802
Holland,HLM,Park Township,United States,US,67
Helena,HLN,Helena,United States,US,67
Jakarta,HLP,Halim Perdana Kusuma,Indonesia,ID,832
Killeen,HLR,Fort Hood AAF,United States,US,67
St Helens,HLS,St Helens,Australia,AU,802
Hamilton,HLT,Hamilton,Australia,AU,802
Houailou,HLU,Houailou,New Caledonia,NC,846
Helenvale,HLV,Helenvale,Australia,AU,802
Hluhluwe,HLW,Hluhluwe,South Africa,ZA,562
Holyhead,HLY,Holyhead,United Kingdom,GB,493
Hamilton,HLZ,Hamilton,New Zealand (Aotearoa),NZ,851
Khanty-Mansiysk,HMA,Khanty-Mansiysk,Russia,RU,770
Hassi Messaoud,HME,Oued Irara Apt,Algeria,DZ,500
Hermannsburg,HMG,Hermannsburg,Australia,AU,802
Hami,HMI,Hami,China,CN,713
Khmelnitskiy,HMJ,Khmelnitskiy,Ukraine,UA,488
Alamogordo,HMN,Holloman AFB,United States,US,67
Hermosillo,HMO,Gen Pesqueira Garcia,Mexico,MX,148
Hamar,HMR,Hamar Arpt,Norway,NO,465
Homeshore,HMS,Homeshore,United States,US,67
Hemet,HMT,Ryan Field,United States,US,67
Hemavan,HMV,Hemavan,Sweden,SE,484
Hanamaki,HNA,Hanamaki,Japan,JP,736
Huntingburg,HNB,Municipal,United States,US,67
Hatteras,HNC,Hatteras,United States,US,67
Tokyo,HND,Haneda,Japan,JP,736
Tahneta Pass Lodge,HNE,Tahneta Pass,United States,US,67
Hienghene,HNG,Hienghene,New Caledonia,NC,846
Hoonah,HNH,Hoonah,United States,US,67
Heiweni,HNI,Heiweni,Papua New Guinea,PG,804
Hinchinbrook Island,HNK,Hinchinbrook Island,Australia,AU,802
Honolulu,HNL,International,United States,US,67
Hana,HNM,Hana,United States,US,67
Honinabi,HNN,Honinabi,Papua New Guinea,PG,804
Hercegnovi,HNO,Hercegnovi,Czechoslovakia (former),CS,418
Haines,HNS,Municipal,United States,US,67
Hanna,HNX,Hanna,United States,US,67
Hengyang,HNY,Hengyang,China,CN,713
Hola,HOA,Hola,Kenya,KE,535
Hobbs,HOB,Lea County,United States,US,67
Komako,HOC,Komako,Papua New Guinea,PG,804
Hodeidah,HOD,Hodeidah Arpt,Yemen,YE,694
Houeisay,HOE,Houeisay,Laos,LA,744
Alahsa,HOF,Alahsa,Saudi Arabia,SA,670
Holguin,HOG,Frank Pais,Cuba,CU,219
Hohenems,HOH,Hohenems,Austria,AT,403
Hao Island,HOI,Hao Island,French Polynesia,PF,823
Hooker Creek,HOK,Hooker Creek,Australia,AU,802
Holikachu,HOL,Holikachu,United States,US,67
Homer,HOM,Homer,United States,US,67
Huron,HON,Howes,United States,US,67
Quanduc,HOO,Nhon Co,Viet Nam,VN,791
Hopkinsville,HOP,Campbell AAF,United States,US,67
Hof,HOQ,Hof,Germany,DE,429
Horta,HOR,Horta,Portugal,PT,469
Chos Malal,HOS,Oscar Reguera,Argentina,AR,303
Hot Springs,HOT,Memorial Field,United States,US,67
Houston,HOU,Hobby,United States,US,67
Orsta-Volda,HOV,Hovden,Norway,NO,465
Fort Kobbe,HOW,Howard Afb,Panama,PA,162
Homalin,HOX,Homalin,Myanmar,MM,706
Hoy Island,HOY,Hoy Island,United Kingdom,GB,493
Hooper Bay,HPB,Hooper Bay,United States,US,67
Hope Vale,HPE,Hope Vale,Australia,AU,802
Haiphong,HPH,Catbi,Viet Nam,VN,791
Westchester County,HPN,Westchester County Apt,United States,US,67
Poipet,HPP,Poipet,Cambodia,KH,709
Pretoria,HPR,Central Hpr,South Africa,ZA,562
Hampton,HPT,Municipal,United States,US,67
Kauai Island,HPV,Princeville,United States,US,67
Baytown,HPY,Baytown,United States,US,67
Hoquiam,HQM,Bowerman,United States,US,67
Mansehra,HRA,Mansehra,Pakistan,PK,764
Harbin,HRB,Harbin,China,CN,713
Zhairem,HRC,Zhairem,Kazakhstan,KZ,738
Harare,HRE,Harare,Zimbabwe,ZW,565
Hurghada,HRG,Hurghada,Egypt,EG,591
Chaurjhari,HRJ,Chaurjhari,Nepal,NP,755
Kharkov,HRK,Kharkov,Ukraine,UA,488
Harlingen,HRL,Valley International,United States,US,67
Heron Island,HRN,Heliport,Australia,AU,802
Harrison,HRO,Boone County,United States,US,67
Herrera,HRR,Herrera,Colombia,CO,327
Harrismith,HRS,Harrismith Airport,South Africa,ZA,562
Harrogate,HRT,Linton-On-Ouse,United Kingdom,GB,493
Henbury,HRY,Henbury,Australia,AU,802
Horizontina,HRZ,Horizontina,Brazil,BR,316
Harrisburg,HSB,Raleigh,United States,US,67
Shaoguan,HSC,Shaoguan,China,CN,713
Saga,HSG,Saga,Japan,JP,736
Las Vegas,HSH,Henderson Sky Harbor,United States,US,67
Hastings,HSI,Hastings,United States,US,67
Huesca,HSK,Huesca,Spain,ES,482
Huslia,HSL,Huslia,United States,US,67
Horsham,HSM,Horsham,Australia,AU,802
Zhoushan,HSN,Zhoushan,China,CN,713
Hot Springs,HSP,Ingalls Field,United States,US,67
Hissar,HSS,Hissar,India,IN,733
Homestead,HST,AFB,United States,US,67
Huntsville,HSV,Huntsville,United States,US,67
Hsinchu,HSZ,Hsinchu,Taiwan,TW,781
Chita,HTA,Chita,Russian Federation,RU,770
Terre-de-Bas,HTB,Terre-de-Bas,Guadeloupe,GP,235
Hatfield,HTF,Hatfield,United Kingdom,GB,493
Hatanga,HTG,Hatanga,Russian Federation,RU,770
Hawthorne,HTH,Hawthorne,United States,US,67
Hamilton Island,HTI,Hamilton Island,Australia,AU,802
Houghton,HTL,Roscommon County,United States,US,67
Khatgal,HTM,Khatgal,Mongolia,MN,751
Hotan,HTN,Hotan,China,CN,713
East Hampton,HTO,East Hampton,United States,US,67
Hateruma,HTR,Hateruma,Japan,JP,736
Huntington,HTS,Tri-State/Milton,United States,US,67
Hopetoun,HTU,Hopetoun,Australia,AU,802
Chesapeake,HTW,Huntington County,United States,US,67
Hato Corozal,HTZ,Hato Corozal,Colombia,CO,327
Huntsville,HUA,Redstone AAF,United States,US,67
Humbert River,HUB,Humbert River,Australia,AU,802
Humacao,HUC,Humacao Arpt,Puerto Rico,PR,3
Humboldt,HUD,Humboldt,United States,US,67
Humera,HUE,Humera,Ethiopia,ET,522
Terre Haute,HUF,Hulman Field,United States,US,67
Huehuetenango,HUG,Huehuetenango,Guatemala,GT,127
Huahine,HUH,Huahine,French Polynesia,PF,823
Hue,HUI,Phu Bai,Viet Nam,VN,791
Hugo,HUJ,Hugo,United States,US,67
Hukuntsi,HUK,Hukuntsi,Botswana,BW,510
Houlton,HUL,International,United States,US,67
Houma,HUM,Terrebonne,United States,US,67
Hualien,HUN,Hualien,Taiwan,TW,781
Houn,HUQ,Houn,Libya,LY,538
Hughes,HUS,Municipal,United States,US,67
Hutchinson,HUT,Hutchinson,United States,US,67
Huanuco,HUU,Huanuco,Peru,PE,368
Hudiksvall,HUV,Hudiksvall,Sweden,SE,484
Huatulco,HUX,Huatulco,Mexico,MX,148
Humberside,HUY,Humberside Arpt,United Kingdom,GB,493
Huizhou,HUZ,Huizhou,China,CN,713
Analalava,HVA,Analalava,Madagascar,MG,541
Hervey Bay,HVB,Hervey Bay,Australia,AU,802
Khovd,HVD,Khovd,Mongolia,MN,751
Hanksville,HVE,Intermediate,United States,US,67
Honningsvag,HVG,Valan,Norway,NO,465
Holmavik,HVK,Holmavik,Iceland,IS,439
Hvammstangi,HVM,Hvammstangi,Iceland,IS,439
New Haven,HVN,New Haven,United States,US,67
Havre,HVR,City County,United States,US,67
Hartsville,HVS,Municipal,United States,US,67
Hawabango,HWA,Hawabango,Papua New Guinea,PG,804
Hayward,HWD,Air Terminal,United States,US,67
Hawk Inlet,HWI,SPB,United States,US,67
Hawker,HWK,Wilpena Pound,Australia,AU,802
Hwange Nat Park,HWN,Hwange Nat Park,Zimbabwe,ZW,565
Hollywood,HWO,North Perry,United States,US,67
Hay,HXX,Hay,Australia,AU,802
Hyannis,HYA,Barnstable,United States,US,67
High Wycombe,HYC,High Wycombe,United Kingdom,GB,493
Hyderabad,HYD,Begumpet Airport,India,IN,733
Hayfields,HYF,Hayfields,Papua New Guinea,PG,804
Hydaburg,HYG,SPB,United States,US,67
Hollis,HYL,SPB,United States,US,67
Huangyan,HYN,Huangyan,China,CN,713
Hayward,HYR,Municipal,United States,US,67
Hays,HYS,Municipal,United States,US,67
Hyvinkaa,HYV,Hyvinkaa,Finland,FI,425
Hazebrouck,HZB,Merville/Calonne,France,FR,427
Hanzhong,HZG,Hanzhong,China,CN,713
Liping City,HZH,Liping,China,CN,713
Husavik,HZK,Husavik,Iceland,IS,439
Hazleton,HZL,Hazleton,United States,US,67
Hazyview,HZV,Hazyview,South Africa,ZA,562
Igarka,IAA,Igarka,Russian Federation,RU,770
Wichita,IAB,Mcconnell AFB,United States,US,67
"Dulles, DC",IAD,Washington Dulles Intl,United States,US,67
Niagara Falls,IAG,International,United States,US,67
Houston,IAH,George Bush Intercntl.,United States,US,67
In Amenas,IAM,In Amenas,Algeria,DZ,500
Kiana,IAN,Bob Barker Memorial,United States,US,67
Bahregan,IAQ,Bahregan,Iran,IR,632
Yaroslavl,IAR,Yaroslavl,Russian Federation,RU,770
Iasi,IAS,Iasi,Romania,RO,473
Iaura,IAU,Iaura,Papua New Guinea,PG,804
Ibadan,IBA,Ibadan,Nigeria,NG,555
Ibague,IBE,Ibague,Colombia,CO,327
Iboki,IBI,Iboki,Papua New Guinea,PG,804
Indigo Bay Lodge,IBL,Indigo Bay Lodge,Mozambique,MZ,550
Ibo,IBO,Ibo,Mozambique,MZ,550
Iberia,IBP,Iberia,Peru,PE,368
Ibiza,IBZ,Ibiza,Spain,ES,482
Icabaru,ICA,Icabaru,Venezuela,VE,388
Cicia,ICI,Cicia,Fiji,FJ,821
Nieuw Nickerie,ICK,Nieuw Nickerie,Suriname,SR,379
Clarinda,ICL,Municipal,United States,US,67
Seoul,ICN,Seoul (Incheon),South Korea,KR,778
Sicogon Island,ICO,Sicogon Island,Philippines,PH,766
Nicaro,ICR,Nicaro,Cuba,CU,219
Wichita,ICT,Mid-Continent,United States,US,67
Icy Bay,ICY,Icy Bay,United States,US,67
Idaho Falls,IDA,Fanning Field,United States,US,67
Idre,IDB,Idre,Sweden,SE,484
Ila Da Chilonzuene,IDC,Ila Da Chilonzuene,Mozambique,MZ,550
Idiofa,IDF,Idiofa,Zaire,ZR,517
Ida Grove,IDG,Municipal,United States,US,67
Indiana,IDI,Indiana,United States,US,67
Indulkana,IDK,Indulkana,Australia,AU,802
Indagen,IDN,Indagen,Papua New Guinea,PG,804
Santa Isabel do Morro,IDO,Rio,Brazil,BR,316
Independence,IDP,Independence,United States,US,67
Indore,IDR,Indore,India,IN,733
Zielona Gora,IEG,Babimost,Poland,PL,467
Iejima,IEJ,Iejima,Japan,JP,736
Riesa,IES,Riesa,Germany,DE,429
Kiev,IEV,Zhulhany,Ukraine,UA,488
Iowa Falls,IFA,Iowa Falls,United States,US,67
Iffley,IFF,Iffley,Australia,AU,802
Hesa,IFH,Hesa,Iran,IR,632
Isafjordur,IFJ,Isafjordur,Iceland,IS,439
Innisfail,IFL,Innisfail,Australia,AU,802
Isfahan,IFN,Isfahan,Iran,IR,632
Ivano-Frankovsk,IFO,Ivano-Frankovsk,Ukraine,UA,488
Bullhead City,IFP,Laughlin Bullhead Intl,United States,US,67
Inagua,IGA,Inagua,Bahamas,BS,204
Ingeniero Jacobacci,IGB,Ingeniero Jacobacci,Argentina,AR,303
Iguela,IGE,Iguela,Gabon,GA,526
Igiugig,IGG,Igiugig,United States,US,67
Ingham,IGH,Ingham,Australia,AU,802
Izmir,IGL,Cigli Military Arpt,Turkey,TR,679
Kingman,IGM,Kingman,United States,US,67
Iligan,IGN,Maria Cristina,Philippines,PH,766
Chigorodo,IGO,Chigorodo,Colombia,CO,327
Iguazu,IGR,Cataratas,Argentina,AR,303
Ingolstadt-Manching,IGS,Ingolstadt-Manching,Germany,DE,429
Iguassu Falls,IGU,Cataratas,Brazil,BR,316
Niihama,IHA,Niihama,Japan,JP,736
Inhaca,IHC,Inhaca,Mozambique,MZ,550
Qishn,IHN,Qishn,Yemen,YE,694
Ihosy,IHO,Ihosy,Madagascar,MG,541
Iran Shahr,IHR,Iran Shahr,Iran,IR,632
Ihu,IHU,Ihu,Papua New Guinea,PG,804
Inishmaan,IIA,Inishmaan,Ireland,IE,441
Ilaam,IIL,Ilaam,Iran,IR,632
Nishinoomote,IIN,Nishinoomote,Japan,JP,736
Nissan Island,IIS,Nissan Island,Papua New Guinea,PG,804
Izhevsk,IJK,Izhevsk,Russian Federation,RU,770
Ijui,IJU,J.Batista Bos Filho,Brazil,BR,316
Jacksonville,IJX,Municipal,United States,US,67
Wilkesboro,IKB,Wilkes County,United States,US,67
Iki,IKI,Iki,Japan,JP,736
Kankakee,IKK,Greater Kankakee,United States,US,67
Ikela,IKL,Ikela,D. R. Congo (Zaire),CD,517
Nikolski,IKO,Nikolski AFS,United States,US,67
Inkerman,IKP,Inkerman,Australia,AU,802
Tiksi,IKS,Tiksi,Russian Federation,RU,770
Irkutsk,IKT,Irkutsk,Russian Federation,RU,770
Illaga,ILA,Illaga,Indonesia,ID,832
Ilha Solteira,ILB,Ilha Solteira,Brazil,BR,316
Killeen,ILE,Municipal,United States,US,67
Ilford,ILF,Ilford,Canada,CA,906
Wilmington,ILG,Greater Wilmington,United States,US,67
Illisheim,ILH,Illis Airbase,Germany,DE,429
Iliamna,ILI,Iliamna,United States,US,67
Ilaka,ILK,Ilaka,Madagascar,MG,541
Willmar,ILL,Willmar,United States,US,67
Wilmington,ILM,New Hanover County,United States,US,67
Wilmington,ILN,Clinton Field,United States,US,67
Iloilo,ILO,Mandurriao,Philippines,PH,766
Ile Des Pins,ILP,Ile Des Pins,New Caledonia,NC,846
Ilo,ILQ,Ilo,Peru,PE,368
Ilorin,ILR,Ilorin,Nigeria,NG,555
Kilaguni,ILU,Kilaguni,Kenya,KE,535
Ileg,ILX,Ileg,Papua New Guinea,PG,804
Islay,ILY,Glenegedale,United Kingdom,GB,493
Zilina,ILZ,Zilina,Slovak Republic,SK,483
Iamalele,IMA,Iamalele,Papua New Guinea,PG,804
Imbaimadai,IMB,Imbaimadai,Guyana,GY,350
Imonda,IMD,Imonda,Papua New Guinea,PG,804
Imphal,IMF,Municipal,India,IN,733
Inhaminga,IMG,Inhaminga,Mozambique,MZ,550
Ine Island,IMI,Ine Island,Marshall Islands,MH,844
Simikot,IMK,Simikot,Nepal,NP,755
Imperial,IML,Imperial,United States,US,67
Immokalee,IMM,Immokalee,United States,US,67
Imane,IMN,Imane,Papua New Guinea,PG,804
Zemio,IMO,Zemio,Central African Republic,CF,509
Imperatriz,IMP,Imperatriz,Brazil,BR,316
Iron Mountain,IMT,Ford,United States,US,67
Nimroz,IMZ,Nimroz,Afghanistan,AF,701
Inta,INA,Inta,Russian Federation,RU,770
Independence,INB,Independence,Belize,BZ,106
Yinchuan,INC,Yinchuan,China,CN,713
Indianapolis,IND,International,United States,US,67
Chinde,INE,Chinde,Mozambique,MZ,550
In Guezzam,INF,In Guezzam,Algeria,DZ,500
Lago Argentino,ING,Lago Argentino,Argentina,AR,303
Inhambane,INH,Inhambane,Mozambique,MZ,550
Nis,INI,Nis,Serbia & Montenegro,SCG,497
Injune,INJ,Injune,Australia,AU,802
Wink,INK,Wink,United States,US,67
International Falls,INL,Falls Intl,United States,US,67
Innamincka,INM,Innamincka,Australia,AU,802
Innsbruck,INN,Kranebitten,Austria,AT,403
Inongo,INO,Inongo,Zaire,ZR,517
Inisheer,INQ,Inisheer,Ireland,IE,441
Sault Ste Marie,INR,Kincheloe AFB,United States,US,67
Indian Springs,INS,Af Aux,United States,US,67
Winston Salem,INT,Smith-Reynolds,United States,US,67
Nauru Island,INU,International,Nauru,NR,845
Inverness,INV,Inverness,United Kingdom,GB,493
Winslow,INW,Winslow,United States,US,67
Inanwatan,INX,Inanwatan,Indonesia,ID,832
Inyati,INY,Inyati,South Africa,ZA,562
In Salah,INZ,In Salah,Algeria,DZ,500
Ioannina,IOA,Ioannina,Greece,GR,433
Iokea,IOK,Iokea,Papua New Guinea,PG,804
Isle Of Man,IOM,Ronaldsway,United Kingdom,GB,493
Impfondo,ION,Impfondo,Congo,CG,515
Ioma,IOP,Ioma,Papua New Guinea,PG,804
Inishmore,IOR,Kilronan,Ireland,IE,441
Ilheus,IOS,Eduardo Gomes,Brazil,BR,316
Ile Ouen,IOU,Ile Ouen,New Caledonia,NC,846
Iowa City,IOW,Iowa City,United States,US,67
Ipota,IPA,Ipota,Vanuatu,VU,885
Easter Island,IPC,Mataveri Intl,Chile,CL,324
Ipil,IPE,Ipil,Philippines,PH,766
Ipiranga,IPG,Ipiranga,Brazil,BR,316
Ipoh,IPH,Ipoh,Malaysia,MY,749
Ipiales,IPI,San Luis,Colombia,CO,327
Imperial,IPL,Imperial County,United States,US,67
Ipatinga,IPN,Usiminas,Brazil,BR,316
Williamsport,IPT,Lycoming County,United States,US,67
Ipiau,IPU,Ipiau,Brazil,BR,316
Ipswich,IPW,Ipswich (Closed),United Kingdom,GB,493
Qiemo,IQM,Qiemo,China,CN,713
Qingyang,IQN,Qingyang,China,CN,713
Iquique,IQQ,Cavancha,Chile,CL,324
Iquitos,IQT,C.F. Secada,Peru,PE,368
Kirakira,IRA,Kirakira,Solomon Islands,SB,874
Iraan,IRB,Municipal,United States,US,67
Circle,IRC,Circle City,United States,US,67
Ishurdi,IRD,Ishurdi,Bangladesh,BD,703
Irece,IRE,Irece,Brazil,BR,316
Lockhart River,IRG,Lockhart River,Australia,AU,802
Iringa,IRI,Nduli,Tanzania,TZ,585
La Rioja,IRJ,La Rioja,Argentina,AR,303
Kirksville,IRK,Municipal,United States,US,67
Iriona,IRN,Iriona,Honduras,HN,131
Birao,IRO,Birao,Central African Republic,CF,509
Isiro,IRP,Matari,Zaire,ZR,517
Sturgis,IRS,Kirsch Municipal,United States,US,67
Mount Isa,ISA,Mount Isa,Australia,AU,802
Islamabad,ISB,Islamabad Intl,Pakistan,PK,764
Isles Of Scilly,ISC,St Marys,United Kingdom,GB,493
Iscuande,ISD,Iscuande,Colombia,CO,327
Isparta,ISE,Isparta,Turkey,TR,679
Ishigaki,ISG,Ishigaki,Japan,JP,736
Ischia,ISH,Ischia,Italy,IT,450
Isisford,ISI,Isisford,Australia,AU,802
Isla Mujeres,ISJ,Isla Mujeres,Mexico,MX,148
Nasik,ISK,Gandhinagar Arpt,India,IN,733
Isabel Pass,ISL,Isabel Pass,United States,US,67
Kissimmee,ISM,Kissimmee Gateway,United States,US,67
Williston,ISN,Sloulin Field Intl,United States,US,67
Kinston,ISO,Stallings Field,United States,US,67
Islip,ISP,Long Island Macarthur,United States,US,67
Manistique,ISQ,Schoolcraft County,United States,US,67
Wiscasset,ISS,Wiscasset,United States,US,67
Istanbul,IST,Ataturk,Turkey,TR,679
Wisconsin Rapids,ISW,Alexander Field,United States,US,67
Itacoatiara,ITA,Itacoatiara,Brazil,BR,316
Itaituba,ITB,Itaituba,Brazil,BR,316
Itubera,ITE,Itubera,Brazil,BR,316
Ithaca,ITH,Tompkins County,United States,US,67
Itambacuri,ITI,Itambacuri,Brazil,BR,316
Itokama,ITK,Itokama,Papua New Guinea,PG,804
Osaka,ITM,Itami,Japan,JP,736
Itabuna,ITN,Itabuna,Brazil,BR,316
Hilo,ITO,Hilo International,United States,US,67
Itaperuna,ITP,Itaperuna,Brazil,BR,316
Itaqui,ITQ,Itaqui,Brazil,BR,316
Itumbiara,ITR,Itumbiara,Brazil,BR,316
Niue Island,IUE,Hanan,Niue,NU,852
Ilu,IUL,Ilu,Indonesia,ID,832
Summit Lake,IUM,Summit Lake,Canada,CA,906
Inus,IUS,Inus,Papua New Guinea,PG,804
Ambanja,IVA,Ambanja,Madagascar,MG,541
Invercargill,IVC,Invercargill,New Zealand (aotearoa),NZ,851
Ivangrad,IVG,Ivangrad,Yugoslavia,YU,497
Ivishak,IVH,Ivishak,United States,US,67
Ivalo,IVL,Ivalo,Finland,FI,425
Chivolo,IVO,Chivolo,Colombia,CO,327
Inverell,IVR,Inverell,Australia,AU,802
Inverway,IVW,Inverway,Australia,AU,802
Ivanova,IWA,Ivanova,Russian Federation,RU,770
Ironwood,IWD,Gogebic County,United States,US,67
Iwami,IWJ,Iwami,Japan,JP,736
Iwo Jima Vol,IWO,Iwo Jima Airbase,Japan,JP,736
Houston,IWS,West Houston,United States,US,67
Agartala,IXA,Singerbhil,India,IN,733
Bagdogra,IXB,Bagdogra,India,IN,733
Chandigarh,IXC,Chandigarh,India,IN,733
Allahabad,IXD,Bamrauli,India,IN,733
Mangalore,IXE,Bajpe,India,IN,733
Belgaum,IXG,Sambre,India,IN,733
Kailashahar,IXH,Kailashahar,India,IN,733
Lilabari,IXI,Lilabari,India,IN,733
Jammu,IXJ,Satwari,India,IN,733
Keshod,IXK,Keshod,India,IN,733
Leh,IXL,Bakula Rimpoche,India,IN,733
Madurai,IXM,Madurai,India,IN,733
Khowai,IXN,Khowai,India,IN,733
Pathankot,IXP,Pathankot,India,IN,733
Kamalpur,IXQ,Kamalpur,India,IN,733
Ranchi,IXR,Ranchi,India,IN,733
Silchar,IXS,Kumbhirgram,India,IN,733
Pasighat,IXT,Pasighat,India,IN,733
Aurangabad,IXU,Chikkalthana,India,IN,733
Along,IXV,Along,India,IN,733
Jamshedpur,IXW,Sonari,India,IN,733
Kandla,IXY,Kandla,India,IN,733
Port Blair,IXZ,Port Blair,India,IN,733
Inyokern,IYK,Kern County,United States,US,67
Izumo,IZO,Izumo,Japan,JP,736
Ixtepec,IZT,Ixtepec,Mexico,MX,148
Jalalabad,JAA,Jalalabad,Afghanistan,AF,701
Jabiru,JAB,Jabiru,Australia,AU,802
Jackson,JAC,Jackson Hole,United States,US,67
Perth,JAD,Jandakot,Australia,AU,802
Atlanta,JAE,Technology Park,United States,US,67
Jaffna,JAF,Kankesanturai,Sri Lanka,LK,711
Jacobabad,JAG,Jacobabad,Pakistan,PK,764
Aubagne,JAH,Agora Helipad,France,FR,427
Jaipur,JAI,Sanganeer,India,IN,733
Atlanta,JAJ,Perimeter Mall,United States,US,67
Jacmel,JAK,Jacmel,Haiti,HT,238
Jalapa,JAL,Jalapa,Mexico,MX,148
Jambol,JAM,Jambol,Bulgaria,BG,411
Jackson,JAN,Jackson-Evers,United States,US,67
Atlanta,JAO,Beaver Ruin,United States,US,67
Punta Renes,JAP,Punta Renes,Costa Rica,CR,110
Jacquinot Bay,JAQ,Jacquinot Bay,Papua New Guinea,PG,804
Jahrom,JAR,Jahrom,United States,US,67
Jasper,JAS,County,United States,US,67
Jabot,JAT,Jabot,Marshall Islands,MH,844
Jauja,JAU,Jauja,Peru,PE,368
Ilulissat,JAV,Ilulissat,Greenland,GL,975
Jacksonville,JAX,International,United States,US,67
Boston,JBC,Boston City Heliport,United States,US,67
Berkeley,JBK,Berkeley,United States,US,67
Los Angeles,JBP,Commerce Bus. Plaza,United States,US,67
Jonesboro,JBR,Jonesboro,United States,US,67
Pleasanton,JBS,Hacienda Bus.Park H/P,United States,US,67
Bethel,JBT,City Landing,United States,US,67
Cannes,JCA,Croisette Heliport,France,FR,427
Joacaba,JCB,Joacaba,Brazil,BR,316
San Francisco,JCC,China Basin Heliport,United States,US,67
St Croix Island,JCD,Downtown Heliport,Virgin Islands(U.S.),VI,4
Oakland,JCE,Convention Center H/P,United States,US,67
Qasigiannguit,JCH,Qasigiannguit,Greenland,GL,975
Kansas City,JCI,Johnson Industrial,United States,US,67
Jeju,JCJ,Chuja Heliport,Korea (South),KR,778
Julia Creek,JCK,Julia Creek,Australia,AU,802
Jacobina,JCM,Jacobina,Brazil,BR,316
Incheon,JCN,Heliport,Korea (South),KR,778
Comino,JCO,Heliport,Malta,MT,456
Jacareacanga,JCR,Jacareacanga,Brazil,BR,316
Junction,JCT,Kimble County,United States,US,67
Ceuta,JCU,Ceuta Heliport,Spain,ES,482
Los Angeles,JCX,Citicorp Plaza H/P,United States,US,67
Johnson,JCY,Johnson,United States,US,67
John Day,JDA,John Day,United States,US,67
Dallas,JDB,Downtown Heliport,United States,US,67
Juiz De Fora,JDF,Francisco De Assis,Brazil,BR,316
Jodhpur,JDH,Jodhpur,India,IN,733
Miami,JDM,Downtown Heliport,United States,US,67
Jordan,JDN,Jordan,United States,US,67
Juazeiro Do Norte,JDO,Regional Do Cariri,Brazil,BR,316
Paris,JDP,Heliport De Paris,France,FR,427
Minneapolis,JDT,Downtown Heliport,United States,US,67
Houston,JDX,Central Bus. District,United States,US,67
Downey,JDY,Heliport,United States,US,67
Jingdezhen,JDZ,Jingdezhen,China,CN,713
Jeddah,JED,King Abdulaziz International,Saudi Arabia,SA,670
Jeremie,JEE,Jeremie,Haiti,HT,238
Jefferson City,JEF,Memorial,United States,US,67
Aasiaat,JEG,Aasiaat,Greenland,GL,975
Jeh,JEJ,Jeh,Marshall Islands,MH,844
Emeryville,JEM,Heliport,United States,US,67
Jequie,JEQ,Jequie,Brazil,BR,316
Jersey,JER,States,United Kingdom,GB,493
Evry,JEV,Heliport,France,FR,427
New York,JFK,John F Kennedy Intl,United States,US,67
Fremantle,JFM,Heliport,Australia,AU,802
Jefferson,JFN,Ashtabula,United States,US,67
Paamiut,JFR,Paamiut,Greenland,GL,975
Jamnagar,JGA,Govardhanpur,India,IN,733
Jagdalpur,JGB,Jagdalpur,India,IN,733
Grand Canyon,JGC,Heliport,United States,US,67
Geoje,JGE,Heliport,Korea (South),KR,778
Atlanta,JGL,Galleria,United States,US,67
Jiayuguan,JGN,Jiayuguan,China,CN,713
Qeqertarsuaq,JGO,Qeqertarsuaq,Greenland,GL,975
Houston,JGP,Greenway Plaza H/P,United States,US,67
Houston,JGQ,Transco Twr Galleria,United States,US,67
Groennedal,JGR,Heliport,Greenland,GL,975
Ji An,JGS,Ji An/Jing Gang Shan,China,CN,713
Glendale,JGX,Heliport,United States,US,67
Johor Bahru,JHB,Sultan Ismail Intl,Malaysia,MY,749
Garden City,JHC,Island Heliport,United States,US,67
Angelholm/Helsingborg,JHE,Heliport,Sweden,SE,484
Jinghong,JHG,Gasa,China,CN,713
Lahaina,JHM,Kapalua,United States,US,67
Shute Harbour,JHQ,Shute Harbour H/P,Australia,AU,802
Sisimiut,JHS,Sisimiut,Greenland,GL,975
Jamestown,JHW,Jamestown,United States,US,67
Cambridge,JHY,Hyatt Regency H/P,United States,US,67
Juina,JIA,Juina,Brazil,BR,316
Djibouti,JIB,Ambouli,Djibouti,DJ,525
Los Angeles,JID,City Of Industry H/P,United States,US,67
Jijiga,JIJ,Jigiga,Ethiopia,ET,522
Ikaria Island,JIK,Ikaria,Greece,GR,433
Jilin,JIL,Jilin,China,CN,713
Jimma,JIM,Jimma,Ethiopia,ET,522
Jinja,JIN,Jinja,Uganda,UG,590
Ontario,JIO,Intl Heliport,United States,US,67
Jipijapa,JIP,Jipijapa,Ecuador,EC,337
Jiri,JIR,Jiri,Nepal,NP,755
Jiujiang,JIU,Jiujiang,China,CN,713
Jiwani,JIW,Jiwani,Pakistan,PK,764
Juanjui,JJI,Juanjui,Peru,PE,368
Jinjiang,JJN,Jinjiang,China,CN,713
Qaqortoq,JJU,Heliport,Greenland,GL,975
Jonkoping,JKG,Axamo,Sweden,SE,484
Chios,JKH,Chios,Greece,GR,433
Janakpur,JKR,Janakpur,Nepal,NP,755
Jakarta,JKT,Soekarno-Hatta Intl,Indonesia,ID,832
Jacksonville,JKV,Jacksonville,United States,US,67
Cooper Lodge,JLA,Quartz Creek,United States,US,67
Long Beach,JLB,Heliport,United States,US,67
Landskrona,JLD,Heliport,Sweden,SE,484
Arlington Heights,JLH,US Army Heliport,United States,US,67
Joplin,JLN,Joplin,United States,US,67
Jesolo,JLO,Jesolo,Italy,IT,450
Juan Les Pins,JLP,Juan Les Pins,France,FR,427
Jabalpur,JLR,Jabalpur,India,IN,733
Jales,JLS,Jales,Brazil,BR,316
Los Angeles,JLX,Union Station H/P,United States,US,67
Houston,JMA,Marriot Astrodome,United States,US,67
Jamba,JMB,Jamba,Angola,AO,502
Sausalito,JMC,Marin County,United States,US,67
Dallas,JMD,Market Centre H/P,United States,US,67
Schaumburg,JMH,Marriott Heliport,United States,US,67
Mikonos,JMK,Mikonos,Greece,GR,433
Malmo,JMM,Malmo Harbour Heliport,Sweden,SE,484
Mankato,JMN,Municipal Heliport,United States,US,67
Jomsom,JMO,Jomsom,Nepal,NP,755
Jamestown,JMS,Jamestown,United States,US,67
Jiamusi,JMU,Jiamusi,China,CN,713
Freetown,JMY,Mammy Yoko Heliport,Sierra Leone,SL,571
Januaria,JNA,Januaria,Brazil,BR,316
Johannesburg,JNB,Johannesburg International,South Africa,ZA,0
Jining,JNG,Jining,China,CN,713
Dallas,JNH,North Park Inn H/P,United States,US,67
Junin,JNI,Junin,Argentina,AR,303
Nanortalik,JNN,Nanortalik,Greenland,GL,975
Newport Beach,JNP,Heliport,United States,US,67
Narsaq,JNS,Heliport,Greenland,GL,975
Juneau,JNU,Boundary Bay,United States,US,67
Naxos,JNX,Naxos Airport,Greece,GR,433
Jinzhou,JNZ,Jinzhou,China,CN,713
Santa Ana,JOC,Centerport Heliport,United States,US,67
Joensuu,JOE,Joensuu,Finland,FI,425
Yogyakarta,JOG,Adisutjipto,Indonesia,ID,832
Port Saint Johns,JOH,Port Saint Johns,South Africa,ZA,562
Joinville,JOI,Cubatao,Brazil,BR,316
Joshkar-Ola,JOK,Joshkar-Ola,Russian Federation,RU,770
Jolo,JOL,Jolo,Philippines,PH,766
Njombe,JOM,Njombe,Tanzania,TZ,585
Johnston Island,JON,Johnston Island,Us Minor Outlying Islands,UM,5
Josephstaal,JOP,Josephstaal,Papua New Guinea,PG,804
Orange,JOR,The City Heliport,United States,US,67
Jos,JOS,Jos,Nigeria,NG,555
Joliet,JOT,Municipal,United States,US,67
Joao Pessoa,JPA,Castro Pinto,Brazil,BR,316
Pasadena,JPD,Heliport,United States,US,67
Washington,JPN,Pentagon Army,United States,US,67
Ji-Parana,JPR,Ji-Parana,Brazil,BR,316
Houston,JPT,Park Ten Heliport,United States,US,67
Paris,JPU,La Defense Heliport,France,FR,427
Qaarsut,JQA,Qaarsut,Greenland,GL,975
Jaque,JQE,Jaque,Panama,PA,162
New York,JRA,West 30th St Heliport,United States,US,67
New York,JRB,Downtown Manhattan H/P,United States,US,67
Rochester,JRC,Municipal Heliport,United States,US,67
Riverside,JRD,Heliport,United States,US,67
New York,JRE,East 60th Street H/P,United States,US,67
Jorhat,JRH,Rowriah,India,IN,733
Arsuk,JRK,Arsuk,Greenland,GL,975
Juruena,JRN,Juruena,Brazil,BR,316
Kilimanjaro,JRO,Kilimanjaro,Tanzania,TZ,585
Jerusalem,JRS,Jerusalem,Israel,IL,636
Jaisalmer,JSA,Jaisalmer,India,IN,733
Stratford,JSD,Sikorsky Heliport,United States,US,67
San Rafael,JSG,San Rafael H/P,United States,US,67
Sitia,JSH,Sitia,Greece,GR,433
Skiathos,JSI,Skiathos,Greece,GR,433
Saint Cloud,JSK,Municipal Heliport,United States,US,67
Atlantic City,JSL,Steel Pier Hlpt,United States,US,67
Jose De San Martin,JSM,Jose De San Martin,Argentina,AR,303
Los Angeles,JSN,Sherman Oaks H/P,United States,US,67
Sodertalje,JSO,Sodertalje Heliport,Sweden,SE,484
Jeju,JSP,Seogwipo Heliport,Korea (South),KR,778
Jessore,JSR,Jessore,Bangladesh,BD,703
Spetsai Island,JSS,Spetsai Island,Greece,GR,433
Johnstown,JST,Cambria County,United States,US,67
Maniitsoq,JSU,Heliport,Greenland,GL,975
Syros Island,JSY,Syros Island,Greece,GR,433
Jatai,JTI,Jatai,Brazil,BR,316
Thousand Oaks,JTO,Heliport,United States,US,67
Thira,JTR,Thira,Greece,GR,433
Astypalaia Island,JTY,Astypalaia,Greece,GR,433
Juara,JUA,Juara,Brazil,BR,316
Juba,JUB,Juba,Sudan,SD,583
Los Angeles,JUC,Universal City H/P,United States,US,67
Juist,JUI,Juist,Germany,DE,429
Jujuy,JUJ,El Cadillal,Argentina,AR,303
Juliaca,JUL,Juliaca,Peru,PE,368
Jumla,JUM,Jumla,Nepal,NP,755
Jundah,JUN,Jundah,Australia,AU,802
Jurado,JUO,Jurado,Colombia,CO,327
Upland,JUP,Cable Heliport,United States,US,67
Jurien Bay,JUR,Jurien Bay,Australia,AUS,802
Juticalpa,JUT,Juticalpa,Honduras,HN,131
Upernavik,JUV,Heliport,Greenland,GL,975
Juzhou,JUZ,Juzhou,China,CN,713
Ankavandra,JVA,Ankavandra,Madagascar,MG,541
Manville,JVI,Kupper,United States,US,67
Janesville,JVL,Rock County,United States,US,67
Jwaneng,JWA,Jwaneng,Botswana,BW,510
Los Angeles,JWC,Warner Cntr Bus. Plaza,United States,US,67
Houston,JWH,Westchase Hilton H/P,United States,US,67
Houston,JWL,Woodlawns,United States,US,67
Zanjan,JWN,Zanjan,Iran,IR,632
Jackson,JXN,Reynolds Municipal,United States,US,67
Jiroft,JYR,Jiroft,Iran,IR,632
Jyvaskyla,JYV,Jyvaskyla,Finland,FI,425
Song Pan,JZH,Jiu Zhai Huang Long,China,CN,713
Kasama,KAA,Kasama,Zambia,ZM,597
Kariba,KAB,Kariba,Zimbabwe,ZW,565
Kameshli,KAC,Kameshli,Syria,SY,676
Kaduna,KAD,Kaduna,Nigeria,NG,555
Kake,KAE,SPB,United States,US,67
Karato,KAF,Karato,Papua New Guinea,PG,804
Gangneung,KAG,Gangneung,Korea (South),KR,778
Melbourne,KAH,City Heliport,Australia,AU,802
Kaieteur,KAI,Kaieteur,Guyana,GY,350
Kajaani,KAJ,Kajaani,Finland,FI,425
Kar,KAK,Kar,Papua New Guinea,PG,804
Kaltag,KAL,Kaltag,United States,US,67
Kamaran Is,KAM,Kamaran Is,Yemen,YE,694
Kano,KAN,Aminu Kano Intl Apt,Nigeria,NG,555
Kuusamo,KAO,Kuusamo,Finland,FI,425
Kapanga,KAP,Kapanga,Zaire,ZR,517
Kamulai,KAQ,Kamulai,Papua New Guinea,PG,804
Kamarang,KAR,Kamarang,Guyana,GY,350
Karasburg,KAS,Karasburg,Namibia,NA,575
Kaitaia,KAT,Kaitaia,New Zealand (Aotearoa),NZ,851
Kauhava,KAU,Kauhava,Finland,FI,425
Kavanayen,KAV,Kavanayen,Venezuela,VE,388
Kawthaung,KAW,Kawthaung,Myanmar,MM,706
Kalbarri,KAX,Kalbarri,Australia,AU,802
Wakaya Island,KAY,Wakaya Island,Fiji,FJ,821
Kau,KAZ,Kau,Indonesia,ID,832
Kabala,KBA,Kabala,Sierra Leone,SL,571
Kirkimbie,KBB,Kirkimbie,Australia,AU,802
Birch Creek,KBC,Birch Creek,United States,US,67
Kimberley Downs,KBD,Kimberley Downs,Australia,AU,802
Bell Island,KBE,Hot Springs SPB,United States,US,67
Karubaga,KBF,Karubaga,Indonesia,ID,832
Kabalega Falls,KBG,Kabalega Falls,Uganda,UG,590
Kalat,KBH,Kalat,Pakistan,PK,764
Kribi,KBI,Kribi,Cameroon,CM,504
Kings Canyon,KBJ,King Canyon,Australia,AU,802
Klag Bay,KBK,Klag Bay,United States,US,67
Kabul,KBL,Khwaja Rawash,Afghanistan,AF,701
Kabwum,KBM,Kabwum,Papua New Guinea,PG,804
Kabinda,KBN,Kabinda,Zaire,ZR,517
Kabalo,KBO,Kabalo,Zaire,ZR,517
Kiev,KBP,Borispol,Ukraine,UA,488
Kasungu,KBQ,Kasungu,Malawi,MW,542
Kota Bharu,KBR,Pengkalan Chepa,Malaysia,MY,749
Bo,KBS,Bo,Sierra Leone,SL,571
Kaben,KBT,Kaben,Marshall Islands,MH,844
Kotabaru,KBU,Kotabaru,Indonesia,ID,832
Krabi,KBV,Krabi,Thailand,TH,782
Chignik,KBW,Chignik Bay,United States,US,67
Kambuaya,KBX,Kambuaya,Indonesia,ID,832
Streaky Bay,KBY,Streaky Bay,Australia,AU,802
Kaikoura,KBZ,Kaikoura,New Zealand (Aotearoa),NZ,851
Kuqa,KCA,Kuqa,China,CN,713
Kasikasima,KCB,Tepoe Airstrip,Suriname,SR,379
Coffman Cove,KCC,Coffman Cove SPB,United States,US,67
Kamur,KCD,Kamur,Indonesia,ID,832
Collinsville,KCE,Collinsville,Australia,AU,802
Kadanwari,KCF,Kadanwari,Pakistan,PK,764
Chignik,KCG,Fisheries,United States,US,67
Kuching,KCH,Kuching,Malaysia,MY,749
Kon,KCI,Kon,Indonesia,ID,832
Komaio,KCJ,Komaio,Papua New Guinea,PG,804
Kansas City,KCK,Fairfax Municipal,United States,US,67
Chignik,KCL,Lagoon,United States,US,67
Kahramanmaras,KCM,Kahramanmaras,Turkey,TR,679
Chernofski,KCN,SPB,United States,US,67
Kocaeli,KCO,Cengiz Topel,Turkey,TR,679
Kamenets-Podolskiy,KCP,Kamenets-Podolskiy,Ukraine,UA,488
Chignik,KCQ,Chignik,United States,US,67
Colorado Creek,KCR,Colorado Creek,United States,US,67
Kings Creek Station,KCS,Kings Creek Station,Australia,AU,802
Koggala,KCT,Koggala,Sri Lanka,LK,711
Masindi,KCU,Masindi,Uganda,UG,590
Kochi,KCZ,Kochi,Japan,JP,736
Kolda,KDA,Kolda,Senegal,SN,569
Kambalda,KDB,Kambalda,Australia,AU,802
Kandi,KDC,Kandi,Benin,BJ,519
Khuzdar,KDD,Khuzdar,Pakistan,PK,764
Koroba,KDE,Koroba,Papua New Guinea,PG,804
Kouba,KDF,Kouba,Algeria,DZ,500
Kardjali,KDG,Kardjali,Bulgaria,BG,411
Kandahar,KDH,Kandahar,Afghanistan,AF,701
Kendari,KDI,Wolter Monginsidi,Indonesia,ID,832
Kodiak,KDK,Municipal,United States,US,67
Kardla,KDL,Kardla,Estonia,EE,422
Kaadedhdhoo,KDM,Kaadedhdhoo,Maldives,MV,750
Ndende,KDN,Ndende,Gabon,GA,526
Kadhdhoo,KDO,Kadhdhoo,Maldives,MV,750
Kandep,KDP,Kandep,Papua New Guinea,PG,804
Kamberatoro,KDQ,Kamberatoro,Papua New Guinea,PG,804
Kandrian,KDR,Kandrian,Papua New Guinea,PG,804
Kamaran Downs,KDS,Kamaran Downs,Australia,AU,802
Kamphangsaen,KDT,Kamphangsaen,Thailand,TH,782
Skardu,KDU,Skardu,Pakistan,PK,764
Kandavu,KDV,Kandavu,Fiji,FJ,821
Kandy,KDW,Vic. Resevour Kandy,Sri Lanka,LK,711
Mahaweli,KDY,Mahaweli,Sri Lanka,LK,711
Katugastota,KDZ,Polgolla Reservoir,Sri Lanka,LK,711
Keisah,KEA,Keisah,Indonesia,ID,832
Nanwalek,KEB,Nanwalek,United States,US,67
Kasenga,KEC,Kasenga,Zaire,ZR,517
Kaedi,KED,Kaedi,Mauritania,MR,545
Kelle,KEE,Kelle,Congo,CG,515
Reykjavik,KEF,Keflavik International,Iceland,IS,439
Keglsugl,KEG,Keglsugl,Papua New Guinea,PG,804
Kenmore Air Harbor,KEH,Kenmore Air Harbor,United States,US,67
Kepi,KEI,Kepi,Indonesia,ID,832
Kemerovo,KEJ,Kemerovo,Russian Federation,RU,770
Ekwok,KEK,Ekwok,United States,US,67
Kiel,KEL,Holtenau,Germany,DE,429
Kemi/Tornio,KEM,Kemi/Tornio,Finland,FI,425
Kenema,KEN,Kenema,Sierra Leone,SL,571
Odienne,KEO,Odienne,Cote D'Ivoire (Ivory Coast),CI,533
Nepalganj,KEP,Nepalganj,Nepal,NP,755
Kebar,KEQ,Kebar,Indonesia,ID,832
Kerman,KER,Kerman,Iran,IR,632
Kelsey,KES,Kelsey,Canada,CA,906
Keng Tung,KET,Keng Tung,Myanmar,MM,706
Kelly Bar,KEU,Kelly Bar,United States,US,67
Kuorevesi,KEV,Halli,Finland,FI,425
Keewaywin,KEW,Keewaywin,Canada,CA,906
Kanabea,KEX,Kanabea,Papua New Guinea,PG,804
Kericho,KEY,Kericho,Kenya,KE,535
Kelaniya,KEZ,Kelaniya River,Sri Lanka,LK,711
Kiffa,KFA,Kiffa,Mauritania,MR,545
Kalkurung,KFG,Kalkurung,Australia,AU,802
False Pass,KFP,False Pass,United States,US,67
Kastamonu,KFS,Kastamonu,Turkey,TR,679
Kananga,KGA,Kananga,Zaire,ZR,517
Konge,KGB,Konge,Papua New Guinea,PG,804
Kingscote,KGC,Kingscote,Australia,AU,802
Kaliningrad,KGD,Kaliningrad,Russian Federation,RU,770
Kagau,KGE,Kagau,Solomon Islands,SB,874
Karaganda,KGF,Karaganda,Kazakhstan,KZ,738
Kedougou,KGG,Kedougou,Senegal,SN,569
Yongai,KGH,Yongai,Papua New Guinea,PG,804
Kalgoorlie,KGI,Kalgoorlie,Australia,AU,802
Karonga,KGJ,Karonga,Malawi,MW,542
New Koliganek,KGK,New Koliganek,United States,US,67
Kigali,KGL,Gregoire Kayibanda,Rwanda,RW,566
Kungum,KGM,Kungum,Papua New Guinea,PG,804
Kasongo Lunda,KGN,Kasongo Lunda,Zaire,ZR,517
Kirovograd,KGO,Kirovograd,Ukraine,UA,488
Kogalym,KGP,Kogalym International,Russia,RU,770
Kulgera,KGR,Kulgera,Australia,AU,802
Kos,KGS,Kos,Greece,GR,433
Keningau,KGU,Keningau,Malaysia,MY,749
Kagi,KGW,Kagi,Papua New Guinea,PG,804
Grayling,KGX,Grayling,United States,US,67
Kingaroy,KGY,Kingaroy,Australia,AU,802
Glacier Creek,KGZ,Glacier Creek,United States,US,67
Khaneh,KHA,Khaneh,Iran,IR,632
Kerch,KHC,Kerch,Ukraine,UA,488
Khorramabad,KHD,Khorramabad,Iran,IR,632
Kherson,KHE,Kherson,Ukraine,UA,488
Kashi,KHG,Kashi,China,CN,713
Kaohsiung,KHH,International,Taiwan,TW,781
Karachi,KHI,Quaid-E-Azam Intl,Pakistan,PK,764
Kauhajoki,KHJ,Kauhajoki,Finland,FI,425
Khark Island,KHK,Khark Island,Iran,IR,632
Khulna,KHL,Khulna,Bangladesh,BD,703
Khamti,KHM,Khamti,Myanmar,MM,706
Nanchang,KHN,Nanchang,China,CN,713
Khoka Moya,KHO,Khoka Moya,South Africa,ZA,562
Kharkhorin,KHR,Kharkhorin,Mongolia,MN,751
Khasab,KHS,Khasab,Oman,OM,658
Khost,KHT,Khost,Afghanistan,AF,701
Kremenchug,KHU,Kremenchug,Ukraine,UA,488
Khabarovsk,KHV,Novyy,Russian Federation,RU,770
Khwai River Lodge,KHW,Khwai River Lodge,Botswana,BW,510
Khoy,KHY,Khoy,Iran,IR,632
Kauehi,KHZ,Kauehi,French Polynesia,PF,823
Kaiapit,KIA,Kaiapit,Papua New Guinea,PG,804
Ivanof Bay,KIB,SPB,United States,US,67
King City,KIC,Mesa Del Rey,United States,US,67
Kristianstad,KID,Kristianstad,Sweden,SE,484
Kieta,KIE,Aropa,Papua New Guinea,PG,804
Kingfisher Lake,KIF,Kingfisher Lake,Canada,CA,906
Koinghaas,KIG,Koinghaas,South Africa,ZA,562
Kish Island,KIH,Kish Island,Iran,IR,632
Kibuli,KII,Kibuli,Papua New Guinea,PG,804
Niigata,KIJ,Niigata,Japan,JP,736
Kirkuk,KIK,Kirkuk,Iraq,IQ,634
Kilwa,KIL,Kilwa,Zaire,ZR,517
Kimberley,KIM,Kimberley,South Africa,ZA,562
Kingston,KIN,Norman Manley,Jamaica,JM,876
Kili Island,KIO,Kili Island,Marshall Islands,MH,844
Wichita Falls,KIP,Kickapoo,United States,US,67
Kira,KIQ,Kira,Papua New Guinea,PG,804
Killarney/Kerry,KIR,Kerry Airport (Farranfore),Ireland,IE,441
Kisumu,KIS,Kisumu,Kenya,KE,535
Kithira,KIT,Kithira,Greece,GR,433
Kiunga,KIU,Kiunga,Kenya,KE,535
Chisinau,KIV,Chisinau,Moldova,MD,457
Kitwe,KIW,Southdowns,Zambia,ZM,597
Osaka,KIX,Kansai International,Japan,JP,736
Kilwa,KIY,Kilwa,Tanzania,TZ,585
Kikinonda,KIZ,Kikinonda,Papua New Guinea,PG,804
Krasnojarsk,KJA,Krasnojarsk,Russian Federation,RU,770
Kortrijk,KJK,Kortrijk,Belgium,BE,409
Kerama,KJP,Kerama,Japan,JP,736
Kamiraba,KJU,Kamiraba,Papua New Guinea,PG,804
Koyuk,KKA,Koyuk,United States,US,67
Kitoi Bay,KKB,SPB,United States,US,67
Khon Kaen,KKC,Khon Kaen,Thailand,TH,782
Kokoda,KKD,Kokoda,Papua New Guinea,PG,804
Kerikeri,KKE,Kerikeri,New Zealand (Aotearoa),NZ,851
Kagvik Creek,KKF,Kagvik Creek,United States,US,67
Konawaruk,KKG,Konawaruk,Guyana,GY,350
Kongiganak,KKH,Kongiganak,United States,US,67
Akiachak,KKI,Spb,United States,US,67
Kita Kyushu,KKJ,Kita Kyushu,Japan,JP,736
Kalakaket,KKK,Kalakaket AFS,United States,US,67
Karluk Lake,KKL,Karluk Lake SPB,United States,US,67
Lop Buri,KKM,Lop Buri,Thailand,TH,782
Kirkenes,KKN,Hoeybuktmoen,Norway,NO,465
Kaikohe,KKO,Kaikohe,New Zealand (Aotearoa),NZ,851
Koolburra,KKP,Koolburra,Australia,AU,802
Kaukura Atoll,KKR,Kaukura Atoll,French Polynesia,PF,823
Kentland,KKT,Kentland,United States,US,67
Ekuk,KKU,Ekuk,United States,US,67
Kikwit,KKW,Kikwit,Zaire,ZR,517
Kikaiga Shima,KKX,Kikaiga Shima,Japan,JP,736
Kilkenny,KKY,Kilkenny,Ireland,IE,441
Koh Kong,KKZ,Koh Kong,Cambodia,KH,709
Kalabo,KLB,Kalabo,Zambia,ZM,597
Kaolack,KLC,Kaolack,Senegal,SN,569
Kalinin,KLD,Migalovo,Russian Federation,RU,770
Kaele,KLE,Kaele,Cameroon,CM,504
Kaluga,KLF,Kaluga,Russian Federation,RU,770
Kalskag,KLG,Municipal,United States,US,67
Kolhapur,KLH,Kolhapur,India,IN,733
Kota Koli,KLI,Kota Koli,Zaire,ZR,517
Kalokol,KLK,Kalokol,Kenya,KE,535
Levelock,KLL,Levelock,United States,US,67
Kalaleh,KLM,Kalaleh,Iran,IR,632
Larsen Bay,KLN,Larsen SPB,United States,US,67
Kalibo,KLO,Kalibo,Philippines,PH,766
Kelp Bay,KLP,Kelp Bay,United States,US,67
Keluang,KLQ,Keluang,Indonesia,ID,832
Kalmar,KLR,Kalmar,Sweden,SE,484
Kelso,KLS,Longview,United States,US,67
Kaiserslautern,KLT,Kaiserslautern,Germany,DE,429
Klagenfurt,KLU,Alpe Adria,Austria,AT,403
Karlovy Vary,KLV,Karlovy Vary,Czechoslovakia (former),CS,418
Klawock,KLW,Klawock,United States,US,67
Kalamata,KLX,Kalamata,Greece,GR,433
Kalima,KLY,Kalima,Zaire,ZR,517
Kleinzee,KLZ,Kleinzee,South Africa,ZA,562
Kerema,KMA,Kerema,Papua New Guinea,PG,804
Koinambe,KMB,Koinambe,Papua New Guinea,PG,804
King Khalid Mil. City,KMC,King Khalid Military,United States,US,67
Mandji,KMD,Mandji,Gabon,GA,526
Kamembe,KME,Kamembe,Rwanda,RW,566
Kamina,KMF,Kamina,Papua New Guinea,PG,804
Kunming,KMG,Kunming,China,CN,713
Kuruman,KMH,Kuruman,South Africa,ZA,562
Miyazaki,KMI,Miyazaki,Japan,JP,736
Kumamoto,KMJ,Kumamoto,Japan,JP,736
Makabana,KMK,Makabana,Congo,CG,515
Kamileroi,KML,Kamileroi,Australia,AU,802
Kimam,KMM,Kimam,Indonesia,ID,832
Kamina,KMN,Kamina,Zaire,ZR,517
Manokotak,KMO,Manokotak SPB,United States,US,67
Keetmanshoop,KMP,J.G.H. Van Der Wath,Namibia,NA,575
Komatsu,KMQ,Komatsu,Japan,JP,736
Karimui,KMR,Karimui,Papua New Guinea,PG,804
Kumasi,KMS,Kumasi,Ghana,GH,529
Kampot,KMT,Kampot,Cambodia,KH,709
Kismayu,KMU,Kismayu,Somalia,SO,573
Kalemyo,KMV,Kalemyo,Myanmar,MM,706
Kostroma,KMW,Kostroma,Russian Federation,RU,770
Khamis Mushait,KMX,Khamis Mushait,Saudi Arabia,SA,670
Moser Bay,KMY,Moser Bay,United States,US,67
Kaoma,KMZ,Kaoma,Zambia,ZM,597
Vina del Mar,KNA,Vina del Mar,Chile,CL,324
Kanab,KNB,Kanab,United States,US,67
Kindu,KND,Kindu,Zaire,ZR,517
Kanainj,KNE,Kanainj,Papua New Guinea,PG,804
Kings Lynn,KNF,Marham RAF,United Kingdom,GB,493
Kaimana,KNG,Kaimana,Indonesia,ID,832
Kinmen,KNH,Shang-Yi,Taiwan,TW,781
Katanning,KNI,Katanning,Australia,AU,802
Kindamba,KNJ,Kindamba,Congo,CG,515
Kakhonak,KNK,Kakhonak,United States,US,67
Kelanoa,KNL,Kelanoa,Papua New Guinea,PG,804
Kaniama,KNM,Kaniama,Zaire,ZR,517
Kankan,KNN,Kankan,Guinea,GN,531
Knokke/Het Zoute,KNO,Knokke/Het Zoute,Belgium,BE,409
Capanda,KNP,Capanda,Angola,AO,502
Kone,KNQ,Kone,New Caledonia,NC,846
Kangan,KNR,Jam,Iran,IR,632
King Island,KNS,King Island,"TASMANIA""",Aust,0
Kennett,KNT,Municipal,United States,US,67
Kanpur,KNU,Kanpur,India,IN,733
Knights Inlet,KNV,Knights Inlet,Canada,CA,906
New Stuyahok,KNW,New Stuyahok,United States,US,67
Kununurra,KNX,Kununurra,Australia,AU,802
Kinoosao,KNY,Kinoosao,Canada,CA,906
Kenieba,KNZ,Kenieba,Mali,ML,543
Kona,KOA,Keahole,United States,US,67
Koutaba,KOB,Koutaba,Cameroon,CM,504
Koumac,KOC,Koumac,New Caledonia,NC,846
Kotabangun,KOD,Kotabangun,Indonesia,ID,832
Kupang,KOE,Eltari,Indonesia,ID,832
Komatipoort,KOF,Komatipoort,South Africa,ZA,562
Khong,KOG,Khong,Laos,LA,744
Koolatah,KOH,Koolatah,Australia,AU,802
Orkney Island,KOI,Orkney Island,United Kingdom,GB,493
Kagoshima,KOJ,Kagoshima,Japan,JP,736
Kokkola/Pietarsaari,KOK,Kruunupyy,Finland,FI,425
Koumala,KOL,Koumala,Central African Republic,CF,509
Komo-Manda,KOM,Komo-Manda,Papua New Guinea,PG,804
Kontum,KON,Kontum,Viet Nam,VN,791
Kongolo,KOO,Kongolo,Zaire,ZR,517
Nakhon Phanom,KOP,Nakhon Phanom,Thailand,TH,782
Koethen,KOQ,Koethen,Germany,DE,429
Kokoro,KOR,Kokoro,Papua New Guinea,PG,804
Sihanoukville,KOS,Sihanoukville,Cambodia,KH,709
Kotlik,KOT,Kotlik,United States,US,67
Koulamoutou,KOU,Koulamoutou,Gabon,GA,526
Kokshetau,KOV,Kokshetau,Kazakhstan,KZ,738
Ganzhou,KOW,Ganzhou,China,CN,713
Kokonao,KOX,Kokonao,Indonesia,ID,832
Olga Bay,KOY,Olga Bay SPB,United States,US,67
Ouzinkie,KOZ,Ouzinkie SPB,United States,US,67
Kopiago,KPA,Kopiago,Papua New Guinea,PG,804
Point Baker,KPB,Point Baker SPB,United States,US,67
Port Clarence,KPC,Port Clarence,United States,US,67
King Of Prussia,KPD,King Of Prussia,United States,US,67
Yapsiei,KPE,Yapsiei,Papua New Guinea,PG,804
Kondubol,KPF,Kondubol,Papua New Guinea,PG,804
Kurupung,KPG,Kurupung,Guyana,GY,350
Pauloff Harbor,KPH,Pauloff Harbor SPB,United States,US,67
Kapit,KPI,Kapit,Malaysia,MY,749
Parks,KPK,Parks SPB,United States,US,67
Kapal,KPL,Kapal,Papua New Guinea,PG,804
Kompiam,KPM,Kompiam,Papua New Guinea,PG,804
Kipnuk,KPN,Kipnuk SPB,United States,US,67
Pohang,KPO,Pohang,Korea (South),KR,778
Kalpowar,KPP,Kalpowar,Australia,AU,802
Port Williams,KPR,Port Williams SPB,United States,US,67
Kempsey,KPS,Kempsey,Australia,AU,802
Jackpot,KPT,Jackpot,United States,US,67
Perryville,KPV,Perryville SPB,United States,US,67
Port Bailey,KPY,Port Bailey SPB,United States,US,67
Akutan,KQA,Akutan,United States,US,67
Koonibba,KQB,Koonibba,Australia,AU,802
Kol,KQL,Kol,Papua New Guinea,PG,804
Kerang,KRA,Kerang,Australia,AU,802
Karumba,KRB,Karumba,Australia,AU,802
Kerinci,KRC,Kerinci,Indonesia,ID,832
Kurundi,KRD,Kurundi,Australia,AU,802
Kirundo,KRE,Kirundo,Burundi,BI,503
Kramfors,KRF,Kramfors,Sweden,SE,484
Karasabai,KRG,Karasabai,Guyana,GY,350
Kikori,KRI,Kikori,Papua New Guinea,PG,804
Karawari,KRJ,Karawari,Papua New Guinea,PG,804
Krakow,KRK,J. Paul Ii Balice Intl,Poland,PL,467
Korla,KRL,Korla,China,CN,713
Karanambo,KRM,Karanambo,Guyana,GY,350
Kiruna,KRN,Kiruna,Sweden,SE,484
Kurgan,KRO,Kurgan,Russian Federation,RU,770
Karup,KRP,Karup,Denmark,DK,419
Kramatorsk,KRQ,Kramatorsk,Ukraine,UA,488
Krasnodar,KRR,Rostov,Russian Federation,RU,770
Kristiansand,KRS,Kjevik,Norway,NO,465
Khartoum,KRT,Civil,Sudan,SD,583
Kerau,KRU,Kerau,Papua New Guinea,PG,804
Kerio Valley,KRV,Kerio Valley,Kenya,KE,535
Turkmenbashi,KRW,Turkmanbashi,Turkmenistan,TM,785
Kar Kar,KRX,Kar Kar,Papua New Guinea,PG,804
Karamay,KRY,Karamay,China,CN,713
Kiri,KRZ,Kiri,Zaire,ZR,517
Kosrae,KSA,Kosrae,Micronesia,FM,810
Kasanombe,KSB,Kasanombe,Papua New Guinea,PG,804
Kosice,KSC,Barca,Slovak Republic,SK,483
Karlstad,KSD,Karlstad,Sweden,SE,484
Kasese,KSE,Kasese,Uganda,UG,590
Kassel,KSF,Kassel-Calden,Germany,DE,429
Kisengan,KSG,Kisengan,Papua New Guinea,PG,804
Kermanshah,KSH,Kermanshah,Iran,IR,632
Kissidougou,KSI,Kissidougou,Guinea,GN,531
Kasos Island,KSJ,Kasos Island,Greece,GR,433
Karlskoga,KSK,Karlskoga,Sweden,SE,484
Kassala,KSL,Kassala,Sudan,SD,583
Saint Marys,KSM,Saint Marys,United States,US,67
Kostanay,KSN,Kostanay,Kazakhstan,KZ,738
Kastoria,KSO,Aristoteles Airport,Greece,GR,433
Kosipe,KSP,Kosipe,Papua New Guinea,PG,804
Karshi,KSQ,Karshi,Uzbekistan,UZ,788
Sandy River,KSR,Federal No 1,United States,US,67
Sikasso,KSS,Sikasso,Mali,ML,543
Kosti,KST,Kosti,Sudan,SD,583
Kristiansund,KSU,Kvernberget,Norway,NO,465
Springvale,KSV,Springvale,Australia,AU,802
Kiryat Shmona,KSW,Kiryat Shmona,Israel,IL,636
Yasuru,KSX,Yasuru,Papua New Guinea,PG,804
Kars,KSY,Kars,Turkey,TR,679
Kotlas,KSZ,Kotlas,Russian Federation,RU,770
Karratha,KTA,Karratha,Australia,AU,802
Thorne Bay,KTB,Thorne Bay,United States,US,67
Katiola,KTC,Katiola,Cote D'Ivoire (Ivory Coast),CI,533
Kitadaito,KTD,Kitadaito,Japan,JP,736
Kerteh,KTE,Kerteh,Malaysia,MY,749
Takaka,KTF,Takaka,New Zealand (Aotearoa),NZ,851
Ketapang,KTG,Ketapang,Indonesia,ID,832
Tikchik,KTH,SPB,United States,US,67
Kratie,KTI,Kratie,Cambodia,KH,709
Kanua,KTK,Kanua,Papua New Guinea,PG,804
Kitale,KTL,Kitale,Kenya,KE,535
Kathmandu,KTM,Tribhuvan,Nepal,NP,755
Ketchikan,KTN,International,United States,US,67
Kato,KTO,Kato,Guyana,GY,350
Kingston,KTP,Tinson,Jamaica,JM,243
Kitee,KTQ,Kitee,Finland,FI,425
Katherine,KTR,Tindal,Australia,AU,802
Teller Mission,KTS,Brevig Mission,United States,US,67
Kittila,KTT,Kittila,Finland,FI,425
Kota,KTU,Kota,India,IN,733
Kamarata,KTV,Kamarata,Venezuela,VE,388
Ozarowice,KTW,Pyrzowice,Poland,PL,467
Koutiala,KTX,Koutiala,Mali,ML,543
Katukurunda,KTY,Katukurunda Slaf Base,Sri Lanka,LK,711
Kwun Tong,KTZ,Kwun Tong,Hong Kong,HK,729
Kuantan,KUA,Kuantan,Malaysia,MY,749
Kuria,KUC,Kuria,Kiribati,KI,824
Kudat,KUD,Kudat,Malaysia,MY,749
Kukundu,KUE,Kukundu,Solomon Islands,SB,874
Samara,KUF,Samara,Russian Federation,RU,770
Kubin Island,KUG,Kubin Island,Australia,AU,802
Kushiro,KUH,Kushiro,Japan,JP,736
Kawau Island,KUI,Kawau Island,New Zealand (Aotearoa),NZ,851
Kushimoto,KUJ,Kushimoto,Japan,JP,736
Kasigluk,KUK,Kasigluk,United States,US,67
Kuala Lumpur,KUL,Kuala Lumpur International Airport (klia),Malaysia,MY,749
Yakushima,KUM,Yakushima,Japan,JP,736
Kaunas,KUN,Kaunas,Lithuania,LT,452
Kuopio,KUO,Kuopio,Finland,FI,425
Kupiano,KUP,Kupiano,Papua New Guinea,PG,804
Kuri,KUQ,Kuri,Papua New Guinea,PG,804
Kuran-O-Munjan,KUR,Kuran-O-Munjan,Afghanistan,AF,701
Kulusuk,KUS,Kulusuk,Greenland,GL,975
Kutaisi,KUT,Kopitnari,Georgia,GE,432
Bhuntar,KUU,Kullu Manali,India,IN,733
Gunsan,KUV,Gunsan,Korea (South),KR,778
Kugururok River,KUW,Kugururok River,Papua New Guinea,PG,804
Kuyol,KUX,Kuyol,Papua New Guinea,PG,804
Kamusi,KUY,Kamusi Airport,United States,US,67
Gunsan AB,KUZ,Gunsan Airbase,Korea (South),KR,778
Kavala,KVA,Megas Alexandros Apt.,Greece,GR,433
Skovde,KVB,Skovde,Sweden,SE,484
King Cove,KVC,King Cove,United States,US,67
Gyandzha,KVD,Gyandzha,Azerbaijan,AZ,407
Kitava,KVE,Kitava,Papua New Guinea,PG,804
Kavieng,KVG,Kavieng,Papua New Guinea,PG,804
Kirovsk,KVK,Kirovsk,Russian Federation,RU,770
Kivalina,KVL,Kivalina,United States,US,67
Korolevu,KVU,Korolevu,Fiji,FJ,821
Kirov,KVX,Kirov,Russian Federation,RU,770
Kwajalein,KWA,Kwajalein,Marshall Islands,MH,844
Karimunjawa,KWB,Karimunjawa,Indonesia,ID,832
Kawadjia,KWD,Kawadjia,Central African Republic,CF,509
Guiyang,KWE,Guiyang,China,CN,713
Waterfall,KWF,Waterfall SPB,United States,US,67
Krivoy Rog,KWG,Krivoy Rog,Ukraine,UA,488
Khwahan,KWH,Khwahan,Afghanistan,AF,701
Kuwait City,KWI,International,Kuwait,KW,644
Gwangju,KWJ,Gwangju,Korea (South),KR,778
Kwigillingok,KWK,Kwigillingok,United States,US,67
Guilin,KWL,Guilin,China,CN,713
Kowanyama,KWM,Kowanyama,Australia,AU,802
Quinhagak,KWN,Kwinhagak,United States,US,67
Kawito,KWO,Kawito,Papua New Guinea,PG,804
West Point,KWP,Village SPB,United States,US,67
Kwai Harbour,KWR,Kwai Harbour,Solomon Islands,SB,874
Kwailabesi,KWS,Kwailabesi Aerodrom,Solomon Islands,SB,874
Kwethluk,KWT,Kwethluk,United States,US,67
Mansion House,KWU,Mansion House,New Zealand (Aotearoa),NZ,851
Kurwina,KWV,Kurwina,Papua New Guinea,PG,804
Kiwai Island,KWX,Kiwai Island,Papua New Guinea,PG,804
Kiwayu,KWY,Kiwayu,Kenya,KE,535
Kolwezi,KWZ,Kolwezi,Zaire,ZR,517
Kasaan,KXA,Kasaan SPB,United States,US,67
Klerksdorp,KXE,Klerksdorp,South Africa,ZA,562
Koro Island,KXF,Koro Island,Fiji,FJ,821
Komsomolsk Na Amure,KXK,Komsomolsk Na Amure,Russian Federation,RU,770
Karoola,KXR,Karoola,Papua New Guinea,PG,804
Katiu,KXU,Katiu,French Polynesia,PF,823
Konya,KYA,Konya,Turkey,TR,679
Yangoonabie,KYB,Yangoonabie,Australia,AU,802
Orchid Island,KYD,Orchid Island,Taiwan,TW,781
Tripoli,KYE,Kleyate,Lebanon,LB,647
Yeelirrie,KYF,Yeelirrie,Australia,AU,802
Yalata Mission,KYI,Yalata Mission,Australia,AU,802
Karluk,KYK,Karluk,United States,US,67
Key Largo,KYL,Port Largo,United States,US,67
Milton Keynes,KYN,Milton Keynes,United Kingdom,GB,493
Tampa,KYO,Topp Of Tampa,United States,US,67
Kyaukpyu,KYP,Kyaukpyu,Myanmar,MM,706
Kayes,KYS,Kayes,Mali,ML,543
Kyauktaw,KYT,Kyauktaw,Myanmar,MM,706
Koyukuk,KYU,Koyukuk,United States,US,67
Yalumet,KYX,Yalumet,Papua New Guinea,PG,804
Kyzyl,KYZ,Kyzyl,Russian Federation,RU,770
Zachar Bay,KZB,Zachar Bay SPB,United States,US,67
Kompong-Chhna,KZC,Kompong-Chhna,Cambodia,KH,709
Krakor,KZD,Krakor,Cambodia,KH,709
Kaintiba,KZF,Kaintiba,Papua New Guinea,PG,804
Kitzingen,KZG,Kitzingen,Germany,DE,429
Kizhuyak,KZH,Kizhuyak,United States,US,67
Kozani,KZI,Philippos Airport,Greece,GR,433
Kompong Thom,KZK,Kompong Thom,Cambodia,KH,709
Kazan,KZN,Kazan,Russian Federation,RU,770
Kzyl-Orda,KZO,Kzyl-Orda,Kazakhstan,KZ,738
Kastelorizo,KZS,Kastelorizo,Greece,GR,433
Lamar,LAA,Lamar Field,United States,US,67
Lablab,LAB,Lablab,Papua New Guinea,PG,804
Pulau Layang-Layang Is,LAC,Layang-Layang Airstrip,Malaysia,MY,749
Luanda,LAD,4 de Fevereiro,Angola,AO,502
Lae,LAE,Nadzab,Papua New Guinea,PG,804
Lafayette,LAF,Purdue University,United States,US,67
La Guaira,LAG,La Guaira,Venezuela,VE,388
Labuha,LAH,Labuha,Indonesia,ID,832
Lannion,LAI,Servel,France,FR,427
Lages,LAJ,Lages,Brazil,BR,316
Aklavik,LAK,Aklavik,Canada,CA,906
Lakeland,LAL,Municipal,United States,US,67
Los Alamos,LAM,Los Alamos,United States,US,67
Lansing,LAN,Capital City,United States,US,67
Laoag,LAO,Laoag,Philippines,PH,766
La Paz,LAP,Leon,Mexico,MX,148
Beida,LAQ,La Braq,Libya,LY,538
Laramie,LAR,General Brees Field,United States,US,67
Las Vegas,LAS,Mccarran Intl,United States,US,67
La Uribe,LAT,La Uribe,Colombia,CO,327
Lamu,LAU,Lamu,Kenya,KE,535
Lalomalava,LAV,Lalomalava,Samoa,WS,892
Lawton,LAW,Municipal,United States,US,67
Los Angeles,LAX,Los Angeles International,United States,US,67
Ladysmith,LAY,Ladysmith,South Africa,ZA,562
Bom Jesus Da Lapa,LAZ,Bom Jesus Da Lapa,Brazil,BR,316
Leeds,LBA,Leeds/Bradford,United Kingdom,GB,493
Lubbock,LBB,International,United States,US,67
Lübeck,LBC,Lübeck Blankensee,Germany,DE,429
Khudzhand,LBD,Khudzhand,Tajikistan,TJ,783
Latrobe,LBE,Westmoreland County,United States,US,67
North Platte,LBF,Lee Bird Field,United States,US,67
Paris,LBG,Le Bourget,France,FR,427
Sydney,LBH,Palm Beach SPB,Australia,AU,802
Albi,LBI,Le Sequestre,France,FR,427
Labuan Bajo,LBJ,Mutiara,Indonesia,ID,832
Liboi,LBK,Liboi,Kenya,KE,535
Liberal,LBL,Municipal,United States,US,67
Luabo,LBM,Luabo,Mozambique,MZ,550
Lake Baringo,LBN,Lake Baringo,Kenya,KE,535
Lusambo,LBO,Lusambo,Zaire,ZR,517
Long Banga,LBP,Long Banga Airfield,Malaysia,MY,749
Lambarene,LBQ,Lambarene,Gabon,GA,526
Labrea,LBR,Labrea,Brazil,BR,316
Labasa,LBS,Labasa,Fiji,FJ,821
Lumberton,LBT,Lumberton,United States,US,67
Labuan,LBU,Labuan,Malaysia,MY,749
Libreville,LBV,Libreville,Gabon,GA,526
Long Bawan,LBW,Long Bawan,Indonesia,ID,832
Lubang,LBX,Lubang,Philippines,PH,766
La Baule,LBY,Montoir,France,FR,427
Lukapa,LBZ,Lukapa,Angola,AO,502
Larnaca,LCA,Larnaca,Cyprus,CY,611
Pontes e Lacerda,LCB,Pontes e Lacerda,Brazil,BR,316
Lecce,LCC,Galatina,Italy,IT,450
Louis Trichardt,LCD,Louis Trichardt,South Africa,ZA,562
La Ceiba,LCE,Goloson International,Honduras,HN,131
Rio Dulce,LCF,Las Vegas,Guatemala,GT,127
La Coruna,LCG,La Coruna,Spain,ES,482
Lake Charles,LCH,Municipal,United States,US,67
Laconia,LCI,Municipal,United States,US,67
Lodz,LCJ,Lodz Lublinek,Poland,PL,467
Columbus,LCK,Rickenbacker,United States,US,67
La Coloma,LCL,La Coloma,Cuba,CU,219
La Cumbre,LCM,La Cumbre,Argentina,AR,303
Balcanoona,LCN,Balcanoona,Australia,AU,802
Lague,LCO,Lague,Congo,CG,515
Loncopue,LCP,Loncopue,Argentina,AR,303
La Chorrera,LCR,La Chorrera,Colombia,CO,327
Las Canas,LCS,Las Canas,Costa Rica,CR,110
Lucca,LCV,Lucca,Italy,IT,450
Longyan,LCX,Liancheng,China,CN,713
London,LCY,London City Airport,United Kingdom,GB,493
Malda,LDA,Malda,India,IN,733
Londrina,LDB,Londrina,Brazil,BR,316
Lindeman Island,LDC,Lindeman Island,Australia,AU,802
Lourdes/Tarbes,LDE,Tarbes Ossun Lourdes,France,FR,427
Leshukonskoye,LDG,Leshukonskoye,Russian Federation,RU,770
Lord Howe Island,LDH,Lord Howe Island,Australia,AU,802
Lindi,LDI,Kikwetu,Tanzania,TZ,585
Linden,LDJ,Linden,United States,US,67
Lidkoping,LDK,Hovby,Sweden,SE,484
Ludington,LDM,Mason County,United States,US,67
Lamidanda,LDN,Lamidanda,Nepal,NP,755
Ladouanie,LDO,Ladouanie,Suriname,SR,379
Lodar,LDR,Lodar,Yemen,YE,694
Lahad Datu,LDU,Lahad Datu,Malaysia,MY,749
Landivisiau,LDV,Landivisiau,France,FR,427
Lansdowne,LDW,Lansdowne,Australia,AU,802
St Laurent du Maroni,LDX,St-Laurent du Maroni,French Guiana,GF,344
Londonderry,LDY,Eglinton (City Of Londonderry),United Kingdom,GB,493
Londolozi,LDZ,Londolozi,South Africa,ZA,562
Learmonth,LEA,Learmonth,Australia,AU,802
White River,LEB,White River,United States,US,67
Lencois,LEC,Chapada Diamantina,Brazil,BR,316
St Petersburg,LED,Pulkovo,Russian Federation,RU,770
Leesburg,LEE,Leesburg,United States,US,67
Lebakeng,LEF,Lebakeng,Lesotho,LS,536
Aleg,LEG,Aleg,Mauritania,MR,545
Le Havre,LEH,Octeville,France,FR,427
Almeria,LEI,Almeria,Spain,ES,482
Leipzig/Halle,LEJ,Leipzig/Halle,Germany,DE,429
Labe,LEK,Labe,Guinea,GN,531
Lake Evella,LEL,Lake Evella,Australia,AU,802
Lemmon,LEM,Lemmon,United States,US,67
Leon,LEN,Aeropuero de Bajio,Spain,ES,482
Leconi,LEO,Leconi,Gabon,GA,526
Leopoldina,LEP,Leopoldina,Brazil,BR,316
Lands End,LEQ,Lands End,United Kingdom,GB,493
Leinster,LER,Leinster,Australia,AU,802
Lesobeng,LES,Lesobeng,Lesotho,LS,536
Leticia,LET,Gen. A.V. Cobo,Colombia,CO,327
Seu De Urgel,LEU,Aeroport De La Seu,Spain,ES,482
Bureta,LEV,Levuka Airfield,Fiji,FJ,821
Lewiston,LEW,Auburn,United States,US,67
Lexington,LEX,Blue Grass,United States,US,67
Lelystad,LEY,Lelystad,Netherlands,NL,461
La Esperanza,LEZ,La Esperanza,Honduras,HN,131
Lumbo,LFB,Lumbo,Mozambique,MZ,550
Hampton,LFI,Langley AFB,United States,US,67
Nacogdoches,LFK,Lufkin Angelina County,United States,US,67
Lamerd,LFM,Lamerd,Iran,IR,632
Louisburg,LFN,Franklin,United States,US,67
Kelafo/Callaf,LFO,Kelafo,Ethiopia,ET,522
Lakefield,LFP,Lakefield,Australia,AU,802
La Fria,LFR,La Fria,Venezuela,VE,388
New Iberia,LFT,Lafayette Regional,United States,US,67
Lome,LFW,Lome,Togo,TG,586
New York,LGA,La Guardia,United States,US,67
Long Beach,LGB,Long Beach Municipal,United States,US,67
La Grange,LGC,Calloway,United States,US,67
La Grande,LGD,La Grande,United States,US,67
Lake Gregory,LGE,Lake Gregory,Australia,AU,802
Yuma,LGF,Laguna AAF,United States,US,67
Liege,LGG,Bierset,Belgium,BE,409
Leigh Creek,LGH,Leigh Creek,Australia,AU,802
Long Island,LGI,Deadmans Cay,Bahamas,BS,204
Langkawi,LGK,Langkawi International Airport,Malaysia,MY,749
Long Lellang,LGL,Long Lellang,Malaysia,MY,749
Laiagam,LGM,Laiagam,Papua New Guinea,PG,804
Linga Linga,LGN,Linga Linga,Papua New Guinea,PG,804
Langeoog,LGO,Langeoog,Germany,DE,429
Legazpi,LGP,Legazpi,Philippines,PH,766
Lago Agrio,LGQ,Lago Agrio,Ecuador,EC,337
Cochrane,LGR,Cochrane,Chile,CL,324
Malargue,LGS,Malargue,Argentina,AR,303
Las Gaviotas,LGT,Las Gaviotas,Colombia,CO,327
Logan,LGU,Cache,United States,US,67
London,LGW,Gatwick,United Kingdom,GB,493
Lugh Ganane,LGX,Lugh Ganane,Somalia,SO,573
Lagunillas,LGY,Lagunillas,Venezuela,VE,388
Leguizamo,LGZ,Leguizamo,Colombia,CO,327
Lahr,LHA,Lahr,Germany,DE,429
Lost Harbor,LHB,Lost Harbor Sea Port,United States,US,67
Lahore,LHE,Alama Iqbal International,Pakistan,PK,764
Lightning Ridge,LHG,Lightning Ridge,Australia,AU,802
Lereh,LHI,Lereh,Indonesia,ID,832
Guanghua,LHK,Guanghua,China,CN,713
Lishan,LHN,Lishan,Taiwan,TW,781
Lehu,LHP,Lehu,Papua New Guinea,PG,804
London,LHR,Heathrow,United Kingdom,GB,493
Las Heras,LHS,Las Heras,Argentina,AR,303
Caprivi,LHU,Lianshulu,Namibia,NA,575
Lock Haven,LHV,W T Piper Memorial,United States,US,67
Lanzhou,LHW,Lanzhou Airport,China,CN,713
Liangping,LIA,Liangping,China,CN,713
Limbunya,LIB,Limbunya,Australia,AU,802
Limon,LIC,Municipal,United States,US,67
Leiden,LID,Valkenburg,Netherlands,NL,461
Libenge,LIE,Libenge,Zaire,ZR,517
Lifou,LIF,Lifou,New Caledonia,NC,846
Limoges,LIG,Bellegarde,France,FR,427
Kauai Island,LIH,Lihue,United States,US,67
Mulia,LII,Mulia,Indonesia,ID,832
Long Island,LIJ,Long Island,United States,US,67
Likiep Island,LIK,Likiep Island,Marshall Islands,MH,844
Lille,LIL,Lesquin,France,FR,427
Lima,LIM,J Chavez Intl,Peru,PE,368
Milan,LIN,Linate,Italy,IT,450
Limon,LIO,Limon,Costa Rica,CR,110
Lins,LIP,Lins,Brazil,BR,316
Lisala,LIQ,Lisala,Zaire,ZR,517
Liberia,LIR,Liberia,Costa Rica,CR,110
Lisbon,LIS,Lisboa - Portela,Portugal,PT,351
Little Rock,LIT,Regional Airport,United States,US,67
Linosa,LIU,Linosa Heliport,Italy,IT,450
Livengood,LIV,Livengood,United States,US,67
Loikaw,LIW,Loikaw,Myanmar,MM,706
Likoma Island,LIX,Likoma,Malawi,MW,542
Hinesville,LIY,Wright AAF,United States,US,67
Limestone,LIZ,Loring AFB,United States,US,67
Lodja,LJA,Lodja,Zaire,ZR,517
Louisville,LJC,Intercontinental,United States,US,67
Lijiang City,LJG,Lijiang,China,CN,713
Lake Jackson,LJN,Brazoria County,United States,US,67
Ljubljana,LJU,Brnik,Slovenia,SI,386
Larantuka,LKA,Larantuka,Indonesia,ID,832
Lakeba,LKB,Lakeba,Fiji,FJ,821
Lekana,LKC,Lekana,Congo,CG,515
Lakeland Downs,LKD,Lakeland Downs,Australia,AU,802
Seattle,LKE,Lake Union SPB,United States,US,67
Lokichoggio,LKG,Lokichoggio,Kenya,KE,535
Long Akah,LKH,Long Akah,Malaysia,MY,749
Duluth,LKI,Lakeside USAF,United States,US,67
Kulik Lake,LKK,Kulik Lake,United States,US,67
Lakselv,LKL,Banak,Norway,NO,465
Leknes,LKN,Leknes,Norway,NO,465
Lucknow,LKO,Amausi,India,IN,733
Lake Placid,LKP,Lake Placid,United States,US,67
Las Khoreh,LKR,Las Khoreh,Somalia,SO,573
Lakeside,LKS,Lakeside,United States,US,67
Lakota,LKT,Lakota,Cote D'Ivoire (Ivory Coast),CI,533
Lake Rudolf,LKU,Lake Rudolf,Kenya,KE,535
Lakeview,LKV,Lake County,United States,US,67
Lake Manyara,LKY,Lake Manyara,Tanzania,TZ,585
Brandon,LKZ,Lakenheath RAF,United Kingdom,GB,493
Lulea,LLA,Kallax,Sweden,SE,484
Malelane,LLE,Malelane,South Africa,ZA,562
LingLing,LLF,LingLing,China,CN,713
Chillagoe,LLG,Chillagoe,Australia,AU,802
Las Limas,LLH,Las Limas,Honduras,HN,131
Lalibela,LLI,Lalibela,Ethiopia,ET,522
Lissadell,LLL,Lissadell,Australia,AU,802
Long Lama,LLM,Long Lama,Malaysia,MY,749
Kelila,LLN,Kelila,Indonesia,ID,832
Linda Downs,LLP,Linda Downs,Australia,AU,802
Las Lomitas,LLS,Las Lomitas,Argentina,AR,303
Alluitsup Paa,LLU,Alluitsup Paa,Greenland,GL,975
Lilongwe,LLW,Lilongwe International,Malawi,MW,542
Lyndonville,LLX,Lyndonville,United States,US,67
Mount Holly,LLY,Burlington County,United States,US,67
Lake Minchumina,LMA,Lake Minchumina,United States,US,67
Salima,LMB,Salima,Malawi,MW,542
Lamacarena,LMC,Lamacarena,Colombia,CO,327
Los Menucos,LMD,Los Menucos,Argentina,AR,303
Le Mans,LME,Arnage,France,FR,427
Lamassa,LMG,Lamassa,Papua New Guinea,PG,804
Limon,LMH,Limon,Honduras,HN,131
Lumi,LMI,Lumi,Papua New Guinea,PG,804
Lae Island,LML,Lae Island,Marshall Islands,MH,844
Los Mochis,LMM,Federal,Mexico,MX,148
Limbang,LMN,Limbang,Malaysia,MY,749
Lossiemouth,LMO,RAF Station,United Kingdom,GB,493
Lampedusa,LMP,Lampedusa,Italy,IT,450
Marsa Brega,LMQ,Marsa Brega,Libya,LY,538
Lime Acres,LMR,Lime Acres,South Africa,ZA,562
Louisville,LMS,Winston County,United States,US,67
Klamath Falls,LMT,Kingsley Field,United States,US,67
Lopez De Micay,LMX,Lopez De Micay,Colombia,CO,327
Lake Murray,LMY,Lake Murray,Papua New Guinea,PG,804
Palma,LMZ,Palma,Mozambique,MZ,550
West Palm Beach,LNA,Palm Beach County Park,United States,US,67
Lamen Bay,LNB,Lamen Bay,Vanuatu,VU,885
Lengbati,LNC,Lengbati,Papua New Guinea,PG,804
Lander,LND,Hunt Field,United States,US,67
Lonorore,LNE,Lonorore,Vanuatu,VU,885
Munbil,LNF,Munbil,Papua New Guinea,PG,804
Lese,LNG,Lese,Papua New Guinea,PG,804
Lake Nash,LNH,Lake Nash,Australia,AU,802
Lonely,LNI,Dew Station,United States,US,67
Lincang,LNJ,Lincang,China,CN,713
Lincoln,LNK,Municipal,United States,US,67
Langimar,LNM,Langimar,Papua New Guinea,PG,804
Willoughby,LNN,Lost Nation,United States,US,67
Leonora,LNO,Leonora,Australia,AU,802
Wise,LNP,Wise,United States,US,67
Loani,LNQ,Loani,Papua New Guinea,PG,804
Lone Rock,LNR,Tri County,United States,US,67
Lancaster,LNS,Lancaster,United States,US,67
Lihir Island,LNV,Lihir Island,Papua New Guinea,PG,804
Smolensk,LNX,Smolensk,Russian Federation,RU,770
Lanai City,LNY,Lanai City,United States,US,67
Linz,LNZ,Blue Danube,Austria,AT,403
Lorraine,LOA,Lorraine,Australia,AU,802
Los Andes,LOB,Los Andes,Chile,CL,324
Lock,LOC,Lock,Australia,AU,802
Longana,LOD,Longana,Vanuatu,VU,885
Loei,LOE,Loei,Thailand,TH,782
Loen,LOF,Loen,Marshall Islands,MH,844
Longview,LOG,Longview,United States,US,67
Loja,LOH,Loja,Ecuador,EC,337
Lontras,LOI,Helmuth Baungartem,Brazil,BR,316
Lodwar,LOK,Lodwar,Kenya,KE,535
Lovelock,LOL,Derby Field,United States,US,67
Lagos de Moreno,LOM,Francisco P. V. y R.,Mexico,MX,148
Lobatse,LOQ,Lobatse,Botswana,BW,510
Ozark,LOR,Lowe Army Heliport,United States,US,67
Lagos,LOS,Murtala Muhammed,Nigeria,NG,555
Lockport,LOT,Lewis Lockport,United States,US,67
Louisville,LOU,Bowman Field,United States,US,67
Monclova,LOV,Monclova,Mexico,MX,148
Louisa,LOW,Louisa,United States,US,67
Los Tablones,LOX,Los Tablones Airport,Guatemala,GT,127
Loyangalani,LOY,Loyangalani,Kenya,KE,535
London,LOZ,Corbin-London,United States,US,67
Las Palmas,LPA,Arpt De Gran Canaria,Spain,ES,482
La Paz,LPB,El Alto,Bolivia,BO,312
Lompoc,LPC,Lompoc Airport,United States,US,67
La Pedrera,LPD,La Pedrera,Colombia,CO,327
La Primavera,LPE,La Primavera,Colombia,CO,327
La Plata,LPG,La Plata,Argentina,AR,303
Lochgilphead,LPH,Heliport,United Kingdom,GB,493
Linkoping,LPI,Linkoping,Sweden,SE,484
Pijiguaos,LPJ,Pijiguaos,Venezuela,VE,388
Lipetsk,LPK,Lipetsk,Russian Federation,RU,770
Liverpool,LPL,Liverpool John Lennon (Speke),United Kingdom,GB,493
Lamap,LPM,Lamap,Vanuatu,VU,885
Leron Plains,LPN,Leron Plains,Papua New Guinea,PG,804
Laporte,LPO,Municipal,United States,US,67
Lappeenranta,LPP,Lappeenranta,Finland,FI,425
Luang Prabang,LPQ,Luang Prabang,Laos,LA,744
Lopez Island,LPS,Lopez Island,United States,US,67
Lampang,LPT,Lampang,Thailand,TH,782
Long Apung,LPU,Long Apung,Indonesia,ID,832
Little Port Walter,LPW,Little Port Walter,United States,US,67
Liepaya,LPX,Liepaya,Latvia,LV,451
Le Puy,LPY,Loudes,France,FR,427
Pickens,LQK,Pickens,United States,US,67
Puerto Leguizamo,LQM,Puerto Leguizamo,Colombia,CO,327
Qala Nau,LQN,Qala Nau,Afghanistan,AF,701
Larisa,LRA,Larisa,Greece,GR,433
Leribe,LRB,Leribe,Lesotho,LS,536
Laarbruch,LRC,R.A.F.,Germany,DE,429
Laredo,LRD,International,United States,US,67
Longreach,LRE,Longreach,Australia,AU,802
Jacksonville,LRF,Little Rock Afb,United States,US,67
Lora Lai,LRG,Lora Lai,Pakistan,PK,764
La Rochelle,LRH,Laleu,France,FR,427
Lorica,LRI,Lorica,Colombia,CO,327
Lemars,LRJ,Municipal,United States,US,67
Lincoln Rock,LRK,Coast Guard,United States,US,67
Niamtougou,LRL,Niamtougou,Togo,TG,586
Punta Cana,LRM,La Romana,Dominican Republic,DO,224
Moses Lake,LRN,Larson AFB,United States,US,67
Lathrop,LRO,Sharpe AAF,United States,US,67
Laurie River,LRQ,Laurie River,Canada,CA,906
Lar,LRR,Lar A/P,Iran,IR,632
Leros,LRS,Leros,Greece,GR,433
Lorient,LRT,Lann Bihoue,France,FR,427
Las Cruces,LRU,Municipal,United States,US,67
Los Roques,LRV,Los Roques,Venezuela,VE,388
Losuia,LSA,Losuia,Papua New Guinea,PG,804
Lordsburg,LSB,Lordsburg,United States,US,67
La Serena,LSC,La Florida,Chile,CL,324
Lexington,LSD,Creech AAF,United States,US,67
La Crosse,LSE,Municipal,United States,US,67
Columbus,LSF,Lawson AAF,United States,US,67
Lashio,LSH,Lashio,Myanmar,MM,706
Shetland Islands,LSI,Sumburgh,United Kingdom,GB,493
Long Island,LSJ,Long Island,Papua New Guinea,PG,804
Lusk,LSK,Lusk,United States,US,67
Los Chiles,LSL,Los Chiles,Costa Rica,CR,110
Long Semado,LSM,Lawas,Malaysia,MY,749
Los Banos,LSN,Los Banos,United States,US,67
Les Sables,LSO,Talmont,France,FR,427
Las Piedras,LSP,Josefa Camejo,Venezuela,VE,388
Los Angeles,LSQ,Los Angeles,Chile,CL,324
Lost River,LSR,Lost River,United States,US,67
Terre-de-Haut,LSS,Terre-de-Haut,Guadeloupe,GP,235
Launceston,LST,Launceston,"TASMANIA""",Aust,0
Long Sukang,LSU,Long Sukang,Malaysia,MY,749
Las Vegas,LSV,Nellis AFB,United States,US,67
Lhoksumawe,LSW,Lhoksumawe,Indonesia,ID,832
Lhok Sukon,LSX,Lhok Sukon,Indonesia,ID,832
Lismore,LSY,Lismore,Australia,AU,802
Mali Losinj,LSZ,Losinj Arpt,Croatia (Hrvatska),HR,415
Tzaneen,LTA,Letaba,South Africa,ZA,562
Latrobe,LTB,Latrobe,Australia,AU,802
Lai,LTC,Lai,Chad,TD,511
Ghadames,LTD,Ghadames,Libya,LY,538
Leitre,LTF,Leitre,Papua New Guinea,PG,804
Langtang,LTG,Langtang,Nepal,NP,755
Lathrop Wells,LTH,Lathrop Wells,United States,US,67
Altai,LTI,Altai,Mongolia,MN,751
Latakia,LTK,Latakia,Syria,SY,676
Lastourville,LTL,Lastourville,Gabon,GA,526
Lethem,LTM,Lethem,Guyana,GY,350
London,LTN,Luton Airport,United Kingdom,GB,493
Loreto,LTO,Loreto,Mexico,MX,148
Lyndhurst,LTP,Lyndhurst,Australia,AU,802
Le Touquet,LTQ,Le Touquet,France,FR,427
Letterkenny,LTR,Letterkenny,Ireland,IE,441
Altus,LTS,Altus AFB,United States,US,67
Saint Tropez,LTT,La Mole,France,FR,427
Lotusvale,LTV,Lotusvale,Australia,AU,802
Leonardtown,LTW,St Marys County,United States,US,67
Latacunga,LTX,Cotopaxi International,Ecuador,EC,337
Lukla,LUA,Lukla,Nepal,NP,755
Lumid Pau,LUB,Lumid Pau,Guyana,GY,350
Laucala Is,LUC,Laucala Is,Fiji,FJ,821
Luderitz,LUD,Luderitz,Namibia,NA,575
Lucenec,LUE,Lucenec,Slovak Republic,SK,483
Phoenix,LUF,Luke Afb,United States,US,67
Lugano,LUG,Lugano,Switzerland,CH,486
Ludhiana,LUH,Ludhiana,India,IN,733
La Union,LUI,La Union,Honduras,HN,131
Lusikisiki,LUJ,Lusikisiki,South Africa,ZA,562
Cincinnati,LUK,Municipal,United States,US,67
Laurel,LUL,Hesler-Noble Field,United States,US,67
Luxi,LUM,Mangshi,China,CN,713
Lusaka,LUN,Lusaka,Zambia,ZM,597
Luena,LUO,Luena,Angola,AO,502
Kalaupapa,LUP,Kalaupapa,United States,US,67
San Luis,LUQ,San Luis,Argentina,AR,303
Cape Lisburne,LUR,Cape Lisburne,United States,US,67
Lusanga,LUS,Lusanga,Zaire,ZR,517
Laura Station,LUT,Laura Station,Australia,AU,802
Laura,LUU,Laura,Australia,AU,802
Langgur,LUV,Langgur,Indonesia,ID,832
Luwuk,LUW,Luwuk,Indonesia,ID,832
Luxembourg,LUX,Findel,Luxembourg,LU,454
Lushoto,LUY,Lushoto,Tanzania,TZ,585
Lushan,LUZ,Lushan,China,CN,713
Laval,LVA,Entrammes,France,FR,427
Livramento,LVB,Dos Galpoes,Brazil,BR,316
Lime Village,LVD,Lime Village,United States,US,67
Livingstone,LVI,Livingstone,Zambia,ZM,597
Livermore,LVK,Livermore,United States,US,67
Lawrenceville,LVL,Lawrenceville,United States,US,67
Livingston,LVM,Mission Field,United States,US,67
Laverton,LVO,Laverton,Australia,AU,802
Lavan,LVP,Lavan,Iran,IR,632
Las Vegas,LVS,Las Vegas,United States,US,67
Lwbak,LWA,Lwbak,Philippines,PH,766
Lewisburg,LWB,Greenbrier Valley,United States,US,67
Lawrence,LWC,Lawrence,United States,US,67
Lewoleba,LWE,Lewoleba,Indonesia,ID,832
Lawn Hill,LWH,Lawn Hill,Australia,AU,802
Lowai,LWI,Lowai,Papua New Guinea,PG,804
Shetland Islands,LWK,Lerwick/Tingwall,United Kingdom,GB,493
Wells,LWL,Harriet Field,United States,US,67
Lawrence,LWM,Lawrence,United States,US,67
Gyoumri,LWN,Gyoumri,Armenia,AM,405
Lviv,LWO,Snilow,Ukraine,UA,488
Leeuwarden,LWR,Leeuwarden,Netherlands,NL,461
Lewiston,LWS,Nez Perce County Rgnl,United States,US,67
Lewistown,LWT,Municipal,United States,US,67
Lawrenceville,LWV,Municipal,United States,US,67
Lawas,LWY,Lawas,Malaysia,MY,749
Lhasa,LXA,Lhasa,China,CN,713
Luang Namtha,LXG,Luang Namtha,Laos,LA,744
Linxi,LXI,Linxi,China,CN,713
Lexington,LXN,Lexington,United States,US,67
Luxor,LXR,Luxor,Egypt,EG,591
Limnos,LXS,Limnos,Greece,GR,433
Lukulu,LXU,Lukulu,Zambia,ZM,597
Leadville,LXV,Leadville,United States,US,67
Luoyang,LYA,Luoyang,China,CN,713
Little Cayman,LYB,Little Cayman,Cayman Islands,KY,233
Lycksele,LYC,Lycksele,Sweden,SE,484
Lyneham,LYE,RAF Station,United Kingdom,GB,493
Lianyungang,LYG,Lianyungang,China,CN,713
Lynchburg,LYH,Preston-Glenn Field,United States,US,67
Linyi,LYI,Linyi,China,CN,713
Lunyuk,LYK,Lunyuk,Indonesia,ID,832
Lyon,LYN,Bron,France,FR,427
Lyons,LYO,Rice County Municipal,United States,US,67
Faisalabad,LYP,Faisalabad,Pakistan,PK,764
Longyearbyen,LYR,Svalbard,Norway,NO,465
Lyon,LYS,Satolas,France,FR,427
Lady Elliot Island,LYT,Lady Elliot Island,Australia,AU,802
Ely,LYU,Ely,United States,US,67
Luiza,LZA,Luiza,Zaire,ZR,517
Lazaro Cardenas,LZC,Lazaro Cardenas,Mexico,MX,148
Lanzhou,LZD,Lanzhoudong,China,CN,713
Liuzhou,LZH,Liuzhou,China,CN,713
Luozi,LZI,Luozi,Zaire,ZR,517
Luzamba,LZM,Luzamba,Angola,AO,502
Nangan,LZN,Nangan,Taiwan,TW,781
Luzhou,LZO,Luzhou,China,CN,713
Lizard Island,LZR,Lizard Island,Australia,AU,802
Chennai/Madras,MAA,Meenambakkam,India,IN,733
Maraba,MAB,Maraba,Brazil,BR,316
Macon,MAC,Smart,United States,US,67
Madrid,MAD,Barajas,Spain,ES,482
Madera,MAE,Madera,United States,US,67
Midland,MAF,Odessa Regional,United States,US,67
Madang,MAG,Madang,Papua New Guinea,PG,804
Menorca,MAH,Menorca,Spain,ES,482
Mangochi,MAI,Mangochi,Malawi,MW,542
Majuro,MAJ,Amata Kabua Intl,Marshall Islands,MH,844
Malakal,MAK,Malakal,Sudan,SD,583
Mangole,MAL,Mangole,Indonesia,ID,832
Matamoros,MAM,Matamoros,Mexico,MX,148
Manchester,MAN,Manchester,United Kingdom,GB,493
Manaus,MAO,Eduardo Gomes Intl,Brazil,BR,316
Mamai,MAP,Mamai,Papua New Guinea,PG,804
Mae Sot,MAQ,Mae Sot,Thailand,TH,782
Maracaibo,MAR,La Chinita,Venezuela,VE,388
Manus Island,MAS,Momote,Papua New Guinea,PG,804
Matadi,MAT,Matadi,Zaire,ZR,517
Maupiti,MAU,Maupiti,French Polynesia,PF,823
Maloelap Island,MAV,Maloelap Island,Marshall Islands,MH,844
Malden,MAW,Malden,United States,US,67
Matam,MAX,Matam,Senegal,SN,569
Mangrove Cay,MAY,Mangrove Cay,Bahamas,BS,204
Mayaguez,MAZ,Eugenio M De Hostos,Puerto Rico,PR,3
Mombasa,MBA,Moi International,Kenya,KE,535
Marble Bar,MBB,Marble Bar,Australia,AU,802
Mbigou,MBC,Mbigou,Gabon,GA,526
Mmabatho,MBD,International,South Africa,ZA,562
Monbetsu,MBE,Monbetsu,Japan,JP,736
Mount Buffalo,MBF,Mount Buffalo,Australia,AU,802
Mobridge,MBG,Mobridge,United States,US,67
Maryborough,MBH,Maryborough,Australia,AU,802
Mbeya,MBI,Mbeya,Tanzania,TZ,585
Montego Bay,MBJ,Sangster International,Jamaica,JM,243
Matupa,MBK,Matupa,Brazil,BR,316
Manistee,MBL,Blacker,United States,US,67
Mkambati,MBM,Mkambati,South Africa,ZA,562
Mt Barnett,MBN,Mt Barnett,Australia,AU,802
Mamburao,MBO,Mamburao,Philippines,PH,766
Moyobamba,MBP,Moyobamba,Peru,PE,368
Mbarara,MBQ,Mbarara,Uganda,UG,590
Mbout,MBR,Mbout,Mauritania,MR,545
Saginaw,MBS,Tri City,United States,US,67
Masbate,MBT,Masbate,Philippines,PH,766
Mbambanakira,MBU,Mbambanakira,Solomon Islands,SB,874
Masa,MBV,Masa,Papua New Guinea,PG,804
Moorabbin,MBW,Moorabbin,Australia,AU,802
Maribor,MBX,Maribor,Slovenia,SI,481
Moberly,MBY,Moberly,United States,US,67
Maues,MBZ,Maues,Brazil,BR,316
Macenta,MCA,Macenta,Guinea,GN,531
Mccomb,MCB,Pike County,United States,US,67
Sacramento,MCC,Mcclellan AFB,United States,US,67
Mackinac Island,MCD,Mackinac Island,United States,US,67
Merced,MCE,Merced Municipal Arpt,United States,US,67
Tampa,MCF,Mac Dill AFB,United States,US,67
Mcgrath,MCG,Mcgrath,United States,US,67
Machala,MCH,Machala,Ecuador,EC,337
Kansas City,MCI,Kansas City International Airport,United States,US,67
Maicao,MCJ,Maicao,Colombia,CO,327
Mccook,MCK,Mccook,United States,US,67
Mt Mckinley,MCL,Mt Mckinley,United States,US,67
Monte Carlo,MCM,Heliport,Monaco,MC,458
Macon,MCN,Lewis B Wilson,United States,US,67
Orlando,MCO,International,United States,US,67
Macapa,MCP,Internacional,Brazil,BR,316
Miskolc,MCQ,Miskolc,Hungary,HU,437
Melchor De Menco,MCR,Melchor De Menco,Guatemala,GT,127
Monte Caseros,MCS,Monte Caseros,Argentina,AR,303
Muscat,MCT,Seeb,Oman,OM,658
Montlucon,MCU,Gueret (Lepaud),France,FR,427
Mcarthur River,MCV,Mcarthur River,Australia,AU,802
Mason City,MCW,Mason City,United States,US,67
Makhachkala,MCX,Makhachkala,Russian Federation,RU,770
Sunshine Coast,MCY,Maroochydore,Australia,AU,802
Maceio,MCZ,Palmares,Brazil,BR,316
San Antonio,MDA,Martindale AAF,United States,US,67
Melinda,MDB,Melinda,Belize,BZ,106
Manado,MDC,Samratulangi,Indonesia,ID,832
Midland,MDD,Airpark,United States,US,67
Medellin,MDE,Jose Marie Cordova,Colombia,CO,327
Medford,MDF,Medford,United States,US,67
Mudanjiang,MDG,Mudanjiang,China,CN,713
Carbondale,MDH,Southern Illinois,United States,US,67
Makurdi,MDI,Makurdi,Nigeria,NG,555
Madras,MDJ,City-county,United States,US,67
Mbandaka,MDK,Mbandaka,Zaire,ZR,517
Mandalay,MDL,Mandalay International,Myanmar,MM,706
Munduku,MDM,Munduku,Papua New Guinea,PG,804
Madison,MDN,Jefferson Proving Grd,United States,US,67
Middleton Island,MDO,Intermediate,United States,US,67
Mindiptana,MDP,Mindiptana,Indonesia,ID,832
Mar Del Plata,MDQ,Mar Del Plata,Argentina,AR,303
Medfra,MDR,Medfra,United States,US,67
Middle Caicos,MDS,Middle Caicos,Turks and Caicos Islands,TC,281
Harrisburg,MDT,Harrisburg Intl,United States,US,67